state,city,year,CVAPCity,PctCauc,PctB,PctLH,PctAPI,PctAME,PctSA,PctIndO,medianM,meanM,S,ESType,enep,enepWoman,enepColor,enlp,enlpWoman,enlpColor,Women_run,Women_win,MS,State,d,Women_run_e,Women_run_d,Women_win_e,Women_win_d
AUS,Blacktown,2016,NA,38,NA,NA,16,NA,NA,NA,3,3,15,STV,2.8613774773691683,2.8456892779001053,2.8456892779001053,1.7999999999999998,1.7999999999999998,1.7999999999999998,24,2,45,AUS,1,2,0,2,0
AUS,Blacktown,2016,NA,38,NA,NA,16,NA,NA,NA,3,3,15,STV,2.8613774773691683,2.8456892779001053,2.8456892779001053,1.7999999999999998,1.7999999999999998,1.7999999999999998,24,2,45,AUS,2,2,0,2,0
AUS,Blacktown,2016,NA,38,NA,NA,16,NA,NA,NA,3,3,15,STV,2.8613774773691683,2.8456892779001053,2.8456892779001053,1.7999999999999998,1.7999999999999998,1.7999999999999998,24,2,45,AUS,3,2,0,2,0
AUS,Blacktown,2016,NA,38,NA,NA,16,NA,NA,NA,3,3,15,STV,2.8613774773691683,2.8456892779001053,2.8456892779001053,1.7999999999999998,1.7999999999999998,1.7999999999999998,24,2,45,AUS,4,2,2,2,2
AUS,Blacktown,2016,NA,38,NA,NA,16,NA,NA,NA,3,3,15,STV,2.8613774773691683,2.8456892779001053,2.8456892779001053,1.7999999999999998,1.7999999999999998,1.7999999999999998,24,2,45,AUS,5,2,0,2,0
AUS,Burwood,2017,NA,13,NA,NA,52,NA,NA,NA,6,6,6,STV,2.6249304335085597,2.6249304335085597,2.6249304335085597,2.571428571428571,1.6,1.923076923076923,7,2,36,AUS,city,2,2,2,2
AUS,Campbelltown City Council,2016,NA,50,NA,NA,8,NA,NA,NA,15,15,15,STV,4.163343831391834,4.163343831391834,3.581255189958488,3.4615384615384612,1,1.7241379310344829,34,4,225,AUS,city,4,4,4,4
AUS,Canterbury-Bankstown,2016,NA,22,NA,13,15,NA,NA,NA,3,3,15,STV,3.0197407022276956,3.0197407022276956,3.0176721662173107,2.102803738317758,1.2195121951219512,1.8490566037735847,21,5,45,AUS,BANKSTOWN WARD,5,0,5,0
AUS,Canterbury-Bankstown,2016,NA,22,NA,13,15,NA,NA,NA,3,3,15,STV,3.0197407022276956,3.0197407022276956,3.0176721662173107,2.102803738317758,1.2195121951219512,1.8490566037735847,21,5,45,AUS,BASS HILL WARD,5,1,5,1
AUS,Canterbury-Bankstown,2016,NA,22,NA,13,15,NA,NA,NA,3,3,15,STV,3.0197407022276956,3.0197407022276956,3.0176721662173107,2.102803738317758,1.2195121951219512,1.8490566037735847,21,5,45,AUS,CANTERBURY WARD,5,2,5,2
AUS,Canterbury-Bankstown,2016,NA,22,NA,13,15,NA,NA,NA,3,3,15,STV,3.0197407022276956,3.0197407022276956,3.0176721662173107,2.102803738317758,1.2195121951219512,1.8490566037735847,21,5,45,AUS,REVESBY WARD,5,1,5,1
AUS,Canterbury-Bankstown,2016,NA,22,NA,13,15,NA,NA,NA,3,3,15,STV,3.0197407022276956,3.0197407022276956,3.0176721662173107,2.102803738317758,1.2195121951219512,1.8490566037735847,21,5,45,AUS,ROSELANDS WARD,5,1,5,1
AUS,Fairfield,2016,NA,15,NA,NA,28,NA,NA,NA,4,4,12,STV,4.169070929497141,3.8476947194074818,2.808663968370953,2.6666666666666665,1,1.7999999999999998,10,1,48,AUS,Cabravale Ward,1,1,1,1
AUS,Fairfield,2017,NA,15,NA,NA,28,NA,NA,NA,4,4,12,STV,3.748769355144527,2.835973177379062,2.835973177379062,2.6666666666666665,1,1.7999999999999998,9,2,48,AUS,Fairfield Ward,2,2,2,2
AUS,Fairfield,2018,NA,15,NA,NA,28,NA,NA,NA,4,4,12,STV,3.7541056688294585,1.7660775539559,1.7210705246956752,2.6666666666666665,1,NA,4,1,48,AUS,Parks Ward,1,1,1,1
AUS,Liverpool,2016,NA,15,NA,12,8,NA,NA,NA,5,5,10,STV,3.1685277525665643,3.1685277525665643,3.1685277525665643,2.7777777777777772,2.7777777777777772,2,14,3,50,AUS,North Ward,3,0,3,0
AUS,Liverpool,2016,NA,15,NA,12,8,NA,NA,NA,5,5,10,STV,3.1685277525665643,3.1685277525665643,3.1685277525665643,2.7777777777777772,2.7777777777777772,2,14,3,50,AUS,South Ward,3,3,3,3
AUS,Parramatta,2017,NA,14,NA,NA,46,NA,NA,NA,3,3,15,STV,3.853189409355504,3.655430988933273,3.6003590253143196,3.169014084507042,1.8823529411764703,1.9836065573770496,27,4,45,AUS,Dundas,4,1,4,1
AUS,Parramatta,2017,NA,14,NA,NA,46,NA,NA,NA,3,3,15,STV,3.853189409355504,3.655430988933273,3.6003590253143196,3.169014084507042,1.8823529411764703,1.9836065573770496,27,4,45,AUS,Epping,4,2,4,2
AUS,Parramatta,2017,NA,14,NA,NA,46,NA,NA,NA,3,3,15,STV,3.853189409355504,3.655430988933273,3.6003590253143196,3.169014084507042,1.8823529411764703,1.9836065573770496,27,4,45,AUS,North Rocks,4,0,4,0
AUS,Parramatta,2017,NA,14,NA,NA,46,NA,NA,NA,3,3,15,STV,3.853189409355504,3.655430988933273,3.6003590253143196,3.169014084507042,1.8823529411764703,1.9836065573770496,27,4,45,AUS,Parramatta Ward,4,0,4,0
AUS,Parramatta,2017,NA,14,NA,NA,46,NA,NA,NA,3,3,15,STV,3.853189409355504,3.655430988933273,3.6003590253143196,3.169014084507042,1.8823529411764703,1.9836065573770496,27,4,45,AUS,Rosehill,4,1,4,1
AUS,Strathfield,2017,NA,14,NA,NA,41,NA,NA,NA,7,7,7,STV,3.5659481013650467,3.551374464778591,3.5659481013650467,3.266666666666667,2.571428571428571,1,18,4,49,AUS,city,4,4,4,4
AUS,Sydney,2016,NA,34,NA,NA,11,NA,NA,NA,10,10,10,STV,2.754834652850883,2.7534300025300738,2.4365475340463645,2.380952380952381,2.380952380952381,1.6,18,7,100,AUS,city,7,7,7,7
CA,Agoura Hills ,2015,NA,83,2,11,6,NA,NA,NA,2,2,5,ALP,1,NA,NA,1,NA,NA,0,0,10,CA,city,0,0,0,0
CA,Agoura Hills ,2018,NA,83,2,11,6,NA,NA,NA,3,3,5,ALP,1.8901572456439144,1,NA,1.7999999999999998,1,NA,1,1,15,CA,city,1,1,1,1
CA,Alameda,2014,NA,49,7,12,33,NA,NA,NA,2,2,5,ALP,1,NA,NA,1,NA,NA,0,0,10,CA,city,0,0,0,0
CA,Alameda,2016,NA,49,7,12,33,NA,NA,NA,2,2,5,ALP,1.4281321515526393,1.4281321515526393,1,1,1,1,4,2,10,CA,city,2,2,2,2
CA,Alameda,2018,NA,49,7,12,33,NA,NA,NA,2,2,5,ALP,1.4248113954326915,NA,1,1,NA,1,0,0,10,CA,city,0,0,0,0
CA,Albany,2016,NA,61,3,10,29,NA,NA,NA,3,3,5,ALP,1.1930710181028523,1,NA,1,NA,NA,1,0,15,CA,city,0,0,0,0
CA,Albany,2018,NA,61,3,10,29,NA,NA,NA,2,2,5,ALP,1,1,NA,1,1,NA,2,2,10,CA,city,2,2,2,2
CA,Alhambra ,2016,NA,28,2,34,53,NA,NA,NA,1,1,5,SSD,1,NA,NA,1,NA,NA,0,0,5,CA,3,0,0,0,0
CA,Alhambra ,2016,NA,28,2,34,53,NA,NA,NA,1,1,5,SSD,1,NA,NA,1,NA,NA,0,0,5,CA,4,0,0,0,0
CA,Alhambra ,2018,NA,28,2,34,53,NA,NA,NA,1,1,5,SSD,1.3065827149758102,1.3065827149758102,1.3065827149758102,1,1,1,5,2,5,CA,1,2,1,2,1
CA,Alhambra ,2018,NA,28,2,34,53,NA,NA,NA,1,1,5,SSD,1.3065827149758102,1.3065827149758102,1.3065827149758102,1,1,1,5,2,5,CA,2,2,0,2,0
CA,Alhambra ,2018,NA,28,2,34,53,NA,NA,NA,1,1,5,SSD,1.3065827149758102,1.3065827149758102,1.3065827149758102,1,1,1,5,2,5,CA,5,2,1,2,1
CA,Aliso Viejo,2016,NA,71,3,17,14,NA,NA,NA,2,2,5,ALP,1.7816050998858228,1,NA,2,NA,NA,1,0,10,CA,city,0,0,0,0
CA,Aliso Viejo,2018,NA,71,3,17,14,NA,NA,NA,2,2,5,ALP,1.997826220912472,1,NA,2,1,NA,1,1,10,CA,city,1,1,1,1
CA,Anaheim,2016,NA,60,3,53,15,NA,NA,NA,1,1,6,SSD,1.9744719248440203,1.9744719248440203,1.9744719248440203,1.6,1,1.6,6,2,6,CA,1,2,1,2,1
CA,Anaheim,2016,NA,60,3,53,15,NA,NA,NA,1,1,6,SSD,1.9744719248440203,1.9744719248440203,1.9744719248440203,1.6,1,1.6,6,2,6,CA,3,2,0,2,0
CA,Anaheim,2016,NA,60,3,53,15,NA,NA,NA,1,1,6,SSD,1.9744719248440203,1.9744719248440203,1.9744719248440203,1.6,1,1.6,6,2,6,CA,4,2,1,2,1
CA,Anaheim,2016,NA,60,3,53,15,NA,NA,NA,1,1,6,SSD,1.9744719248440203,1.9744719248440203,1.9744719248440203,1.6,1,1.6,6,2,6,CA,5,2,0,2,0
CA,Anaheim,2018,NA,60,3,53,15,NA,NA,NA,1,1,6,SSD,2.311520069810681,1.980937943515911,NA,1.7999999999999998,1,1,4,1,6,CA,2,1,0,1,0
CA,Anaheim,2018,NA,60,3,53,15,NA,NA,NA,1,1,6,SSD,2.311520069810681,1.980937943515911,NA,1.7999999999999998,1,1,4,1,6,CA,3,1,1,1,1
CA,Anaheim,2018,NA,60,3,53,15,NA,NA,NA,1,1,6,SSD,2.311520069810681,1.980937943515911,NA,1.7999999999999998,1,1,4,1,6,CA,6,1,0,1,0
CA,Antioch,2016,NA,52,18,32,10,NA,NA,NA,2,2,5,ALP,1.5242770164735022,1,1,1,1,1,2,1,10,CA,city,1,1,1,1
CA,Antioch,2018,NA,52,18,32,10,NA,NA,NA,2,2,5,ALP,1.978467170137452,1.978467170137452,NA,2,2,NA,4,2,10,CA,city,2,2,2,2
CA,Arcadia,2016,NA,33,1,13,57,NA,NA,NA,2,2,5,ALP,1,NA,NA,1,NA,NA,0,0,10,CA,city,0,0,0,0
CA,Arcadia,2018,NA,33,1,13,57,NA,NA,NA,1,1,5,SSD,1,NA,NA,1,NA,NA,0,0,5,CA,2,0,0,0,0
CA,Arcadia,2018,NA,33,1,13,57,NA,NA,NA,1,1,5,SSD,1,NA,NA,1,NA,NA,0,0,5,CA,5,0,0,0,0
CA,Arroyo Grande,2016,NA,86,2,13,5,NA,NA,NA,2,2,5,ALP,1.9568472261229517,1.9568472261229517,NA,1,1,NA,3,2,10,CA,city,2,2,2,2
CA,Arroyo Grande,2018,NA,86,2,13,5,NA,NA,NA,2,2,5,ALP,1.83776788644081,1,NA,1,NA,NA,2,0,10,CA,city,0,0,0,0
CA,Artesia,2018,NA,38,4,36,35,NA,NA,NA,3,3,5,ALP,1,1,1,1,1,1,1,1,15,CA,city,1,1,1,1
CA,Atascadero,2016,NA,89,2,14,2,NA,NA,NA,2,2,5,ALP,1.84468143641499,1,NA,1,1,NA,1,1,10,CA,city,1,1,1,1
CA,Atascadero,2018,NA,89,2,14,2,NA,NA,NA,2,2,5,ALP,1.8371710444306288,1.8371710444306288,NA,2,2,NA,2,2,10,CA,city,2,2,2,2
CA,Avalon ,2016,NA,94,1,62,0.5,NA,NA,NA,2,2,5,ALP,1,NA,NA,1,NA,NA,0,0,10,CA,city,0,0,0,0
CA,Azusa,2017,NA,45,4,67,8,NA,NA,NA,2,2,5,ALP,1.879913040328176,NA,NA,2,NA,2,0,0,10,CA,city,0,0,0,0
CA,Baldwin Park ,2015,NA,35,1,79,15,NA,NA,NA,2,2,5,ALP,1,NA,NA,1,NA,NA,0,0,10,CA,city,0,0,0,0
CA,Baldwin Park ,2018,NA,35,1,79,15,NA,NA,NA,2,2,5,ALP,1.1025238646815052,1,1,1,1,1,1,1,10,CA,city,1,1,1,1
CA,Bell Gardens ,2018,NA,63,1,97,0.5,NA,NA,NA,3,3,5,ALP,1,1,1,1,1,1,3,2,15,CA,city,2,2,2,2
CA,Bell,2015,NA,64,1,92,0.5,NA,NA,NA,3,3,5,ALP,1,NA,NA,1,NA,NA,0,0,15,CA,city,0,0,0,0
CA,Bell,2017,NA,64,1,92,0.5,NA,NA,NA,2,2,5,ALP,1,1,1,1,1,1,4,2,10,CA,city,2,2,2,2
CA,Bellflower,2017,NA,35,14,51,11,NA,NA,NA,2,2,5,ALP,2.73939107638221,NA,1,2,NA,1,0,0,10,CA,city,0,0,0,0
CA,Berkeley,2010,NA,62,9,11,22,NA,NA,NA,1,1,8,RCV,1,1,1,1,1,1,4,1,8,CA,1,1,1,1,1
CA,Berkeley,2010,NA,62,9,11,22,NA,NA,NA,1,1,8,RCV,1,1,1,1,1,1,4,1,8,CA,4,1,0,1,0
CA,Berkeley,2010,NA,62,9,11,22,NA,NA,NA,1,1,8,RCV,1,1,1,1,1,1,4,1,8,CA,7,1,0,1,0
CA,Berkeley,2010,NA,62,9,11,22,NA,NA,NA,1,1,8,RCV,1,1,1,1,1,1,4,1,8,CA,8,1,0,1,0
CA,Berkeley,2012,NA,62,9,11,22,NA,NA,NA,1,1,8,RCV,1,1,1,1,1,1,4,1,8,CA,2,1,0,1,0
CA,Berkeley,2012,NA,62,9,11,22,NA,NA,NA,1,1,8,RCV,1,1,1,1,1,1,4,1,8,CA,3,1,0,1,0
CA,Berkeley,2012,NA,62,9,11,22,NA,NA,NA,1,1,8,RCV,1,1,1,1,1,1,4,1,8,CA,5,1,0,1,0
CA,Berkeley,2012,NA,62,9,11,22,NA,NA,NA,1,1,8,RCV,1,1,1,1,1,1,4,1,8,CA,6,1,1,1,1
CA,Berkeley,2014,NA,62,9,11,22,NA,NA,NA,1,1,8,RCV,1,1,NA,1,1,1,2,1,8,CA,1,1,0,1,0
CA,Berkeley,2014,NA,62,9,11,22,NA,NA,NA,1,1,8,RCV,1,1,NA,1,1,1,2,1,8,CA,7,1,0,1,0
CA,Berkeley,2014,NA,62,9,11,22,NA,NA,NA,1,1,8,RCV,1,1,NA,1,1,1,2,1,8,CA,8,1,1,1,1
CA,Berkeley,2016,NA,62,9,11,22,NA,NA,NA,1,1,8,RCV,1.3144805277918,1.313124935367359,1.313124935367359,1,1,1,6,2,8,CA,2,2,1,2,1
CA,Berkeley,2016,NA,62,9,11,22,NA,NA,NA,1,1,8,RCV,1.3144805277918,1.313124935367359,1.313124935367359,1,1,1,6,2,8,CA,3,2,0,2,0
CA,Berkeley,2016,NA,62,9,11,22,NA,NA,NA,1,1,8,RCV,1.3144805277918,1.313124935367359,1.313124935367359,1,1,1,6,2,8,CA,5,2,0,2,0
CA,Berkeley,2016,NA,62,9,11,22,NA,NA,NA,1,1,8,RCV,1.3144805277918,1.313124935367359,1.313124935367359,1,1,1,6,2,8,CA,6,2,1,2,1
CA,Berkeley,2017,NA,62,9,11,22,NA,NA,NA,1,1,8,rcv,1,1,NA,1,1,NA,1,1,8,CA,4,1,1,1,1
CA,Berkeley,2018,NA,62,9,11,22,NA,NA,NA,1,1,8,RCV,1.3373601326286624,1.316262799870446,NA,1.6,1.6,NA,7,3,8,CA,1,3,1,3,1
CA,Berkeley,2018,NA,62,9,11,22,NA,NA,NA,1,1,8,RCV,1.3373601326286624,1.316262799870446,NA,1.6,1.6,NA,7,3,8,CA,4,3,1,3,1
CA,Berkeley,2018,NA,62,9,11,22,NA,NA,NA,1,1,8,RCV,1.3373601326286624,1.316262799870446,NA,1.6,1.6,NA,7,3,8,CA,7,3,0,3,0
CA,Berkeley,2018,NA,62,9,11,22,NA,NA,NA,1,1,8,RCV,1.3373601326286624,1.316262799870446,NA,1.6,1.6,NA,7,3,8,CA,8,3,1,3,1
CA,Beverly Hills,2017,NA,86,3,6,7,NA,NA,NA,3,3,5,ALP,1.945376461001899,1.8710859907981696,NA,1.7999999999999998,NA,NA,3,0,15,CA,city,0,0,0,0
CA,Biggs,2016,NA,74,1,36,3,NA,NA,NA,2,2,5,ALP,1,NA,NA,1,NA,NA,0,0,10,CA,city,0,0,0,0
CA,Biggs,2018,NA,74,1,36,3,NA,NA,NA,3,3,5,ALP,1.5610268197421342,1,NA,1.7999999999999998,1,NA,1,1,15,CA,city,1,1,1,1
CA,Brea,2016,NA,71,1,24,18,NA,NA,NA,2,2,5,ALP,1,1,NA,1,1,NA,1,1,10,CA,city,1,1,1,1
CA,Brea,2018,NA,71,1,24,18,NA,NA,NA,3,3,5,ALP,1.9591192846829832,1,NA,1.7999999999999998,1,1,1,1,15,CA,city,1,1,1,1
CA,Brentwood,2016,NA,73,6,29,7,NA,NA,NA,2,2,5,ALP,1.4094189257204204,1,NA,1,1,1,2,2,10,CA,city,2,2,2,2
CA,Brentwood,2018,NA,73,6,29,7,NA,NA,NA,2,2,5,ALP,2.1085024652119895,1,1,2,NA,1,1,0,10,CA,city,0,0,0,0
CA,Buena Park,2016,NA,53,5,38,26,NA,NA,NA,1,1,5,SSD,1.1808777281476863,1,NA,1,NA,NA,1,0,5,CA,1,0,0,0,0
CA,Buena Park,2016,NA,53,5,38,26,NA,NA,NA,1,1,5,SSD,1.1808777281476863,1,NA,1,NA,NA,1,0,5,CA,4,0,0,0,0
CA,Buena Park,2018,NA,53,5,38,26,NA,NA,NA,1,1,5,SSD,2.4662163115975417,1.9851731520257905,1.9851731520257905,1.7999999999999998,1.7999999999999998,1,3,2,5,CA,1,2,1,2,1
CA,Buena Park,2018,NA,53,5,38,26,NA,NA,NA,1,1,5,SSD,2.4662163115975417,1.9851731520257905,1.9851731520257905,1.7999999999999998,1.7999999999999998,1,3,2,5,CA,2,2,1,2,1
CA,Buena Park,2018,NA,53,5,38,26,NA,NA,NA,1,1,5,SSD,2.4662163115975417,1.9851731520257905,1.9851731520257905,1.7999999999999998,1.7999999999999998,1,3,2,5,CA,5,2,0,2,0
CA,Burbank,2015,NA,74,2,26,12,NA,NA,NA,2,2,5,ALP,1,NA,NA,1,NA,NA,0,0,10,CA,city,0,0,0,0
CA,Burbank,2017,NA,74,2,26,12,NA,NA,NA,4,4,5,ALP,1,NA,NA,1,NA,NA,0,0,20,CA,city,0,0,0,0
CA,Calabasas,2018,NA,82,3,7,10,NA,NA,NA,3,3,5,ALP,1,1,NA,1,1,NA,1,1,15,CA,city,1,1,1,1
CA,Carson ,2016,NA,32,22,28,26,NA,NA,NA,2,2,5,ALP,1,NA,NA,1,NA,NA,0,0,10,CA,city,0,0,0,0
CA,Carson ,2018,NA,32,22,28,26,NA,NA,NA,2,2,5,ALP,1.083707031267991,1,1,1,1,1,4,1,10,CA,city,1,1,1,1
CA,Cerritos,2015,NA,21,7,11,62,NA,NA,NA,2,2,5,ALP,1,NA,NA,1,NA,NA,0,0,10,CA,city,0,0,0,0
CA,Cerritos,2017,NA,21,7,11,62,NA,NA,NA,2,2,5,ALP,1,NA,NA,1,NA,NA,0,0,10,CA,city,0,0,0,0
CA,Chico,2016,NA,82,2,15,5,NA,NA,NA,4,4,7,ALP,2.1507187217439756,2.1507187217439756,1,1.6,1,1,5,1,28,CA,city,1,1,1,1
CA,Chico,2018,NA,82,2,15,5,NA,NA,NA,3,3,7,ALP,2.2537670306510345,1.9995963599805175,NA,1.7999999999999998,1.7999999999999998,NA,2,2,21,CA,city,2,2,2,2
CA,Claremont ,2017,NA,72,5,21,11,NA,NA,NA,2,2,5,ALP,1.4744269502816345,1,NA,1,NA,NA,1,0,10,CA,city,0,0,0,0
CA,Claremont ,2018,NA,72,5,21,11,NA,NA,NA,3,3,5,ALP,1.416660650419629,1,1,1,1,1,1,1,15,CA,city,1,1,1,1
CA,Clayton,2016,NA,85,2,8,8,NA,NA,NA,3,3,5,ALP,1.859369487570704,1.859369487570704,NA,1.7999999999999998,1.7999999999999998,1.7999999999999998,2,2,15,CA,city,2,2,2,2
CA,Clayton,2018,NA,85,2,8,8,NA,NA,NA,2,2,5,ALP,1.6615163826493604,NA,NA,2,NA,1,0,0,10,CA,city,0,0,0,0
CA,Clovis ,2017,NA,69,3,24,10,NA,NA,NA,2,2,5,ALP,1,1,NA,1,1,1,1,1,10,CA,city,1,1,1,1
CA,Clovis,2017,NA,69,3,24,10,NA,NA,NA,1,1,5,SSD,1.8381382106601576,NA,NA,1,NA,NA,0,0,5,CA,1,0,0,0,0
CA,Coalinga,2016,NA,67,7,52,2,NA,NA,NA,2,2,5,ALP,1.9779388794932835,1.9779388794932835,1,1,1,NA,2,1,10,CA,city,1,1,1,1
CA,coalinga,2018,NA,67,7,52,2,NA,NA,NA,1,1,5,SSD,1.9863456190535769,NA,NA,1,NA,1,0,0,5,CA,3,0,0,0,0
CA,Coalinga,2018,NA,67,7,52,2,NA,NA,NA,1,1,5,SSD,2.716581661938108,1,NA,2,NA,NA,1,0,5,CA,1,0,0,0,0
CA,Coalinga,2018,NA,67,7,52,2,NA,NA,NA,1,1,5,SSD,2.716581661938108,1,NA,2,NA,NA,1,0,5,CA,5,0,0,0,0
CA,Commerce,2015,NA,60,2,95,2,NA,NA,NA,2,2,5,ALP,1,NA,NA,1,NA,NA,0,0,10,CA,city,0,0,0,0
CA,Commerce,2017,NA,60,2,95,2,NA,NA,NA,2,2,5,ALP,1,NA,NA,1,NA,NA,0,0,10,CA,city,0,0,0,0
CA,Compton,2015,NA,38,31,66,0.5,NA,NA,NA,1,1,5,SSD,1,NA,NA,1,NA,NA,0,0,5,CA,1,0,0,0,0
CA,Compton,2015,NA,38,31,66,0.5,NA,NA,NA,1,1,5,SSD,1,NA,NA,1,NA,NA,0,0,5,CA,4,0,0,0,0
CA,Compton,2017,NA,38,31,66,0.5,NA,NA,NA,1,1,5,SSD,1,NA,NA,1,NA,NA,0,0,5,CA,2,0,0,0,0
CA,Compton,2017,NA,38,31,66,0.5,NA,NA,NA,1,1,5,SSD,1,NA,NA,1,NA,NA,0,0,5,CA,3,0,0,0,0
CA,Compton,2019,NA,38,31,66,0.5,NA,NA,NA,1,1,5,SSD,1,NA,NA,1,NA,NA,0,0,5,CA,1,0,0,0,0
CA,Compton,2019,NA,38,31,66,0.5,NA,NA,NA,1,1,5,SSD,1,NA,NA,1,NA,NA,0,0,5,CA,4,0,0,0,0
CA,Concord,2016,NA,69,3,28,12,NA,NA,NA,2,2,5,ALP,1.2333040910382027,1.2333040910382027,1.2333040910382027,1,1,NA,3,1,10,CA,city,1,1,1,1
CA,Concord,2018,NA,69,3,28,12,NA,NA,NA,1,1,5,SSD,1.2903638041146952,1,NA,1,1,NA,2,1,5,CA,1,1,1,1,1
CA,Concord,2018,NA,69,3,28,12,NA,NA,NA,1,1,5,SSD,1.2903638041146952,1,NA,1,1,NA,2,1,5,CA,3,1,0,1,0
CA,Concord,2018,NA,69,3,28,12,NA,NA,NA,1,1,5,SSD,1.2903638041146952,1,NA,1,1,NA,2,1,5,CA,5,1,0,1,0
CA,Costa Mesa,2016,NA,71,1,35,9,NA,NA,NA,3,3,5,ALP,1.8110709297634968,1,NA,1.7999999999999998,1,NA,1,1,15,CA,city,1,1,1,1
CA,Costa Mesa,2018,NA,71,1,35,9,NA,NA,NA,1,1,6,SSD,2.0333610682871752,1.9383653652625967,1,1,1,1,4,2,6,CA,1,2,0,2,0
CA,Costa Mesa,2018,NA,71,1,35,9,NA,NA,NA,1,1,6,SSD,2.0333610682871752,1.9383653652625967,1,1,1,1,4,2,6,CA,3,2,1,2,1
CA,Costa Mesa,2018,NA,71,1,35,9,NA,NA,NA,1,1,6,SSD,2.0333610682871752,1.9383653652625967,1,1,1,1,4,2,6,CA,5,2,1,2,1
CA,Covina ,2017,NA,53,5,52,10,NA,NA,NA,3,3,5,ALP,2.262341895137333,NA,1,1.7999999999999998,NA,1,0,0,15,CA,city,0,0,0,0
CA,Cudahy ,2015,NA,62,1,97,1,NA,NA,NA,3,3,5,ALP,1,NA,NA,1,NA,NA,0,0,15,CA,city,0,0,0,0
CA,Cudahy ,2017,NA,62,1,97,1,NA,NA,NA,2,2,5,ALP,2.4618150454300944,1.6772433206221655,1.6772433206221655,2,NA,2,2,0,10,CA,city,0,0,0,0
CA,Cudahy ,2018,NA,62,1,97,1,NA,NA,NA,3,3,5,ALP,2.2133643097938585,1.7355276920399427,1.7355276920399427,3,2,2,5,2,15,CA,city,2,2,2,2
CA,Cypress,2016,NA,59,2,18,31,NA,NA,NA,2,2,5,ALP,1.4493597206246716,1,NA,1,1,NA,2,1,10,CA,city,1,1,1,1
CA,Cypress,2018,NA,59,2,18,31,NA,NA,NA,3,3,5,ALP,1.62274883859206,1.62274883859206,NA,1,1,1,3,1,15,CA,city,1,1,1,1
CA,Dana Point,2016,NA,89,0.5,15,3,NA,NA,NA,2,2,5,ALP,1.808858000199699,1.808858000199699,NA,1,1,NA,4,1,10,CA,city,1,1,1,1
CA,Dana Point,2018,NA,89,0.5,15,3,NA,NA,NA,1,1,5,SSD,1.7942681870458876,NA,NA,1,NA,NA,0,0,5,CA,1,0,0,0,0
CA,Dana Point,2018,NA,89,0.5,15,3,NA,NA,NA,1,1,5,SSD,1.7942681870458876,NA,NA,1,NA,NA,0,0,5,CA,2,0,0,0,0
CA,Dana Point,2018,NA,89,0.5,15,3,NA,NA,NA,1,1,5,SSD,1.7942681870458876,NA,NA,1,NA,NA,0,0,5,CA,3,0,0,0,0
CA,Danville,2018,NA,82,1,6,12,NA,NA,NA,2,2,5,ALP,1.2898308796862388,1,NA,1,1,NA,1,1,10,CA,city,1,1,1,1
CA,Diamond Bar,2015,NA,35,4,19,53,NA,NA,NA,2,2,5,ALP,1,NA,NA,1,NA,NA,0,0,10,CA,city,0,0,0,0
CA,Diamond Bar,2018,NA,35,4,19,53,NA,NA,NA,3,3,5,ALP,1.9213293171747017,1,1,1.7999999999999998,1,1,1,1,15,CA,city,1,1,1,1
CA,Downey ,2016,NA,56,4,71,7,NA,NA,NA,1,1,5,SSD,1,NA,NA,1,NA,NA,0,0,5,CA,1,0,0,0,0
CA,Downey ,2016,NA,56,4,71,7,NA,NA,NA,1,1,5,SSD,1,NA,NA,1,NA,NA,0,0,5,CA,3,0,0,0,0
CA,Downey ,2016,NA,56,4,71,7,NA,NA,NA,1,1,5,SSD,1,NA,NA,1,NA,NA,0,0,5,CA,5,0,0,0,0
CA,Downey ,2018,NA,56,4,71,7,NA,NA,NA,1,1,5,SSD,2.617921005707623,1.9355254507364683,1,1.7999999999999998,1,1,3,1,5,CA,1,1,0,1,0
CA,Downey ,2018,NA,56,4,71,7,NA,NA,NA,1,1,5,SSD,2.617921005707623,1.9355254507364683,1,1.7999999999999998,1,1,3,1,5,CA,4,1,1,1,1
CA,Downey ,2018,NA,56,4,71,7,NA,NA,NA,1,1,5,SSD,2.617921005707623,1.9355254507364683,1,1.7999999999999998,1,1,3,1,5,CA,6,1,0,1,0
CA,Duarte,2018,NA,51,8,46,16,NA,NA,NA,1,1,7,SSD,1.97595709624269,1.97595709624269,1.97595709624269,2,2,2,5,3,7,CA,1,3,1,3,1
CA,Duarte,2018,NA,51,8,46,16,NA,NA,NA,1,1,7,SSD,1.97595709624269,1.97595709624269,1.97595709624269,2,2,2,5,3,7,CA,4,3,1,3,1
CA,Duarte,2018,NA,51,8,46,16,NA,NA,NA,1,1,7,SSD,1.97595709624269,1.97595709624269,1.97595709624269,2,2,2,5,3,7,CA,6,3,0,3,0
CA,Duarte,2018,NA,51,8,46,16,NA,NA,NA,1,1,7,SSD,1.97595709624269,1.97595709624269,1.97595709624269,2,2,2,5,3,7,CA,7,3,1,3,1
CA,Dublin ,2016,NA,58,7,13,26,NA,NA,NA,2,2,5,ALP,1.5132237824354309,1.5132237824354309,1,1,1,1,3,1,10,CA,city,1,1,1,1
CA,Dublin ,2018,NA,58,7,13,26,NA,NA,NA,3,3,5,ALP,1.7060575138569458,1,1.7060575138569458,1.7999999999999998,1,1.7999999999999998,1,1,15,CA,city,1,1,1,1
CA,El Cerrito,2016,NA,58,7,12,25,NA,NA,NA,3,3,5,ALP,1.1684252437353253,1,NA,1,1,1,1,1,15,CA,city,1,1,1,1
CA,El Cerrito,2018,NA,58,7,12,25,NA,NA,NA,2,2,5,ALP,1,1,NA,1,1,1,1,1,10,CA,city,1,1,1,1
CA,El Monte,2015,NA,39,1,69,25,NA,NA,NA,2,2,5,ALP,1,NA,NA,1,NA,NA,0,0,10,CA,city,0,0,0,0
CA,El Monte,2018,NA,39,1,69,25,NA,NA,NA,2,2,5,ALP,1.3502124621832945,1,1,1,1,1,2,2,10,CA,city,2,2,2,2
CA,Emeryville,2016,NA,44,14,9,36,NA,NA,NA,3,3,5,ALP,1.3084416625632151,1.3084416625632151,NA,1,1,NA,3,1,15,CA,city,1,1,1,1
CA,Emeryville,2018,NA,44,14,9,36,NA,NA,NA,2,2,5,ALP,1.9253280724963011,1,NA,2,1,1,1,1,10,CA,city,1,1,1,1
CA,Firebaugh,2016,NA,79,1,90,0.5,NA,NA,NA,2,2,5,ALP,2.196538168654495,1,1,1,1,1,1,1,10,CA,city,1,1,1,1
CA,Firebaugh,2018,NA,79,1,90,0.5,NA,NA,NA,2,2,5,ALP,1.847973348139922,1,NA,1,1,1,1,1,10,CA,city,1,1,1,1
CA,Fountain Valley,2016,NA,56,1,13,35,NA,NA,NA,2,2,5,ALP,1,1,NA,1,1,NA,2,1,10,CA,city,1,1,1,1
CA,Fountain Valley,2018,NA,56,1,13,35,NA,NA,NA,3,3,5,ALP,1.16129497411051,1,1,1,1,1,1,1,15,CA,city,1,1,1,1
CA,Fowler ,2016,NA,48,2,64,11,NA,NA,NA,3,3,5,ALP,2.8573348306737696,1.9953130532705556,1,3,NA,2,2,0,15,CA,city,0,0,0,0
CA,Fowler ,2018,NA,48,2,64,11,NA,NA,NA,2,2,5,ALP,1.993600460766825,NA,NA,2,NA,2,0,0,10,CA,city,0,0,0,0
CA,Fremont,2016,NA,34,3,15,49,NA,NA,NA,3,3,5,ALP,1.0812906300807688,1,1,1,1,1,2,1,15,CA,city,1,1,1,1
CA,Fremont,2018,NA,34,3,15,49,NA,NA,NA,1,1,6,SSD,1.7958194986550444,1.6531375949654796,1.6531375949654796,2,2,1,4,2,6,CA,1,2,1,2,1
CA,Fremont,2018,NA,34,3,15,49,NA,NA,NA,1,1,6,SSD,1.7958194986550444,1.6531375949654796,1.6531375949654796,2,2,1,4,2,6,CA,2,2,0,2,0
CA,Fremont,2018,NA,34,3,15,49,NA,NA,NA,1,1,6,SSD,1.7958194986550444,1.6531375949654796,1.6531375949654796,2,2,1,4,2,6,CA,3,2,1,2,1
CA,Fremont,2018,NA,34,3,15,49,NA,NA,NA,1,1,6,SSD,1.7958194986550444,1.6531375949654796,1.6531375949654796,2,2,1,4,2,6,CA,4,2,0,2,0
CA,Frenso,2018,NA,54,8,46,12,NA,NA,NA,1,1,7,SSD,1,NA,NA,1,NA,1,0,0,7,CA,7,0,0,0,0
CA,Fresno,2014,NA,54,8,46,12,NA,NA,NA,1,1,7,SSD,1.908105647968396,1.812462197537872,1.812462197537872,1.6,1,1,3,1,7,CA,1,1,1,1,1
CA,Fresno,2014,NA,54,8,46,12,NA,NA,NA,1,1,7,SSD,1.908105647968396,1.812462197537872,1.812462197537872,1.6,1,1,3,1,7,CA,3,1,0,1,0
CA,Fresno,2014,NA,54,8,46,12,NA,NA,NA,1,1,7,SSD,1.908105647968396,1.812462197537872,1.812462197537872,1.6,1,1,3,1,7,CA,5,1,0,1,0
CA,Fresno,2014,NA,54,8,46,12,NA,NA,NA,1,1,7,SSD,1.908105647968396,1.812462197537872,1.812462197537872,1.6,1,1,3,1,7,CA,7,1,0,1,0
CA,Fresno,2016,NA,54,8,46,12,NA,NA,NA,1,1,7,SSD,1.964693677049009,NA,1,2,NA,1,0,0,7,CA,5,0,0,0,0
CA,Fresno,2016,NA,54,8,46,12,NA,NA,NA,1,1,7,SSD,1.964693677049009,NA,1,2,NA,1,0,0,7,CA,6,0,0,0,0
CA,Fresno,2018,NA,54,8,46,12,NA,NA,NA,1,1,7,SSD,1.3274199177426325,1,1,1,1,1,2,1,7,CA,1,1,1,1,1
CA,Fresno,2018,NA,54,8,46,12,NA,NA,NA,1,1,7,SSD,1.3274199177426325,1,1,1,1,1,2,1,7,CA,3,1,0,1,0
CA,Fresno,2018,NA,54,8,46,12,NA,NA,NA,1,1,7,SSD,1.3274199177426325,1,1,1,1,1,2,1,7,CA,5,1,0,1,0
CA,Fullerton ,2016,NA,54,3,33,23,NA,NA,NA,3,3,5,ALP,2.2642198223445367,1.5617738853883394,1,1.7999999999999998,1,1,4,1,15,CA,city,1,1,1,1
CA,Fullerton ,2018,NA,54,3,33,23,NA,NA,NA,1,1,5,SSD,2.777998562378301,1.580688071037481,1.580688071037481,1,NA,1,3,0,5,CA,3,0,0,0,0
CA,Fullerton ,2018,NA,54,3,33,23,NA,NA,NA,1,1,5,SSD,2.777998562378301,1.580688071037481,1.580688071037481,1,NA,1,3,0,5,CA,5,0,0,0,0
CA,Garden Grove ,2016,NA,43,1,36,38,NA,NA,NA,1,1,6,SSD,2.9422931302345,1.994465304478688,1,2.6666666666666665,1.7999999999999998,1.7999999999999998,3,3,6,CA,2,3,0,3,0
CA,Garden Grove ,2016,NA,43,1,36,38,NA,NA,NA,1,1,6,SSD,2.9422931302345,1.994465304478688,1,2.6666666666666665,1.7999999999999998,1.7999999999999998,3,3,6,CA,3,3,1,3,1
CA,Garden Grove ,2016,NA,43,1,36,38,NA,NA,NA,1,1,6,SSD,2.9422931302345,1.994465304478688,1,2.6666666666666665,1.7999999999999998,1.7999999999999998,3,3,6,CA,5,3,1,3,1
CA,Garden Grove ,2016,NA,43,1,36,38,NA,NA,NA,1,1,6,SSD,2.9422931302345,1.994465304478688,1,2.6666666666666665,1.7999999999999998,1.7999999999999998,3,3,6,CA,6,3,1,3,1
CA,Garden Grove ,2018,NA,43,1,36,38,NA,NA,NA,1,1,6,SSD,1.7337040857255692,1,1.7337040857255692,1.7999999999999998,1,1.7999999999999998,1,1,6,CA,1,1,0,1,0
CA,Garden Grove ,2018,NA,43,1,36,38,NA,NA,NA,1,1,6,SSD,1.7337040857255692,1,1.7337040857255692,1.7999999999999998,1,1.7999999999999998,1,1,6,CA,3,1,1,1,1
CA,Garden Grove ,2018,NA,43,1,36,38,NA,NA,NA,1,1,6,SSD,1.7337040857255692,1,1.7337040857255692,1.7999999999999998,1,1.7999999999999998,1,1,6,CA,4,1,0,1,0
CA,Gardena,2017,NA,23,23,37,38,NA,NA,NA,2,2,5,ALP,1.4041561973060697,1,1,2,NA,1,5,0,10,CA,city,0,0,0,0
CA,Glendora,2017,NA,78,2,29,7,NA,NA,NA,2,2,5,ALP,1.5277234179008905,1,NA,1,1,NA,2,1,10,CA,city,1,1,1,1
CA,Gridley,2016,NA,80,1,51,0,NA,NA,NA,2,2,5,ALP,2.615102836558028,1,NA,2,NA,NA,1,0,10,CA,city,0,0,0,0
CA,Gridley,2018,NA,80,1,51,0,NA,NA,NA,3,3,5,ALP,1.3717634234485303,1.3717634234485303,NA,1,NA,NA,2,0,15,CA,city,0,0,0,0
CA,Grover Beach,2016,NA,82,1,21,6,NA,NA,NA,2,2,5,ALP,1,1,NA,1,1,NA,1,1,10,CA,city,1,1,1,1
CA,Grover Beach,2018,NA,82,1,21,6,NA,NA,NA,2,2,5,ALP,2.923973584807068,1.982590922835794,NA,2,2,1,2,2,10,CA,city,2,2,2,2
CA,Hawaiian Gardens ,2015,NA,59,3,78,10,NA,NA,NA,2,2,5,ALP,1,NA,NA,1,NA,NA,0,0,10,CA,city,0,0,0,0
CA,Hawaiian Gardens ,2018,NA,59,3,78,10,NA,NA,NA,3,3,5,ALP,1.2095016936789296,1,1,1,1,1,3,1,15,CA,city,1,1,1,1
CA,Hawthorne ,2015,NA,47,27,53,6,NA,NA,NA,3,3,5,ALP,1,NA,NA,1,NA,NA,0,0,15,CA,city,0,0,0,0
CA,Hawthorne ,2018,NA,47,27,53,6,NA,NA,NA,2,2,5,ALP,1,1,1,1,1,1,2,1,10,CA,city,1,1,1,1
CA,Hayward,2016,NA,37,11,40,24,NA,NA,NA,4,4,7,ALP,1.347887635592753,1,1.1161327828403422,1,1,1,2,1,28,CA,city,1,1,1,1
CA,Hayward,2018,NA,37,11,40,24,NA,NA,NA,3,3,7,ALP,1.480720814551028,1.1007735978019593,1.3658938774201612,1,1,1,3,2,21,CA,city,2,2,2,2
CA,Hercules,2016,NA,28,17,12,44,NA,NA,NA,3,3,5,ALP,1,NA,1,1,NA,1,0,0,15,CA,city,0,0,0,0
CA,Hercules,2018,NA,28,17,12,44,NA,NA,NA,2,2,5,ALP,1,1,1,1,1,1,2,1,10,CA,city,1,1,1,1
CA,Hermosa Beach,2015,NA,86,1,8,7,NA,NA,NA,2,2,5,ALP,1,NA,NA,1,NA,NA,0,0,10,CA,city,0,0,0,0
CA,Hermosa Beach,2017,NA,86,1,8,7,NA,NA,NA,3,3,5,ALP,1,NA,NA,1,NA,NA,0,0,15,CA,city,0,0,0,0
CA,Hermosa Beach,2018,NA,86,1,8,7,NA,NA,NA,3,3,5,ALP,1,NA,NA,1,NA,NA,0,0,15,CA,city,0,0,0,0
CA,Huntington Beach,2016,NA,78,1,17,11,NA,NA,NA,3,3,7,ALP,1.5653317301094625,1.5653317301094625,NA,1.7999999999999998,1.7999999999999998,NA,4,2,21,CA,city,2,2,2,2
CA,Huntington Beach,2018,NA,78,1,17,11,NA,NA,NA,4,4,7,ALP,1.6671096003869994,1.6671096003869994,NA,1.6,1.6,NA,3,2,28,CA,city,2,2,2,2
CA,Huntington Park,2015,NA,66,1,98,1,NA,NA,NA,3,3,5,ALP,1,NA,NA,1,NA,NA,0,0,15,CA,city,0,0,0,0
CA,Huntington Park,2017,NA,66,1,98,1,NA,NA,NA,2,2,5,ALP,1.2913181154659714,1,1,1,1,1,2,1,10,CA,city,1,1,1,1
CA,Huron,2016,NA,84,0.5,99,0.5,NA,NA,NA,2,2,5,ALP,1,1,NA,1,1,1,1,1,10,CA,city,1,1,1,1
CA,Huron,2018,NA,84,0.5,99,0.5,NA,NA,NA,3,3,5,ALP,1,NA,1,1,NA,1,0,0,15,CA,city,0,0,0,0
CA,Irvine ,2016,NA,54,2,9,38,NA,NA,NA,2,2,5,ALP,2.66881333191597,2.66881333191597,1.9993706909121365,2,2,NA,7,2,10,CA,city,2,2,2,2
CA,Irvine ,2018,NA,54,2,9,38,NA,NA,NA,2,2,5,ALP,2.362920528311662,1.9582464597701268,1.37606926395744,2,1,2,4,1,10,CA,city,1,1,1,1
CA,Irwindale ,2018,NA,49,1,93,1,NA,NA,NA,2,2,5,ALP,1.6028181280910756,NA,1,1,NA,1,0,0,10,CA,city,0,0,0,0
CA,Kerman ,2016,NA,76,0,71,7,NA,NA,NA,2,2,5,ALP,2.5946794887809435,1.954609385413068,1,1,NA,1,2,0,10,CA,city,0,0,0,0
CA,Kerman ,2018,NA,76,0,71,7,NA,NA,NA,1,1,5,SSD,1,NA,1,1,NA,1,0,0,5,CA,1,0,0,0,0
CA,Kerman ,2018,NA,76,0,71,7,NA,NA,NA,1,1,5,SSD,1,NA,1,1,NA,1,0,0,5,CA,2,0,0,0,0
CA,Kingsburg ,2016,NA,69,0.5,49,5,NA,NA,NA,2,2,5,ALP,1.5227982894694825,1,NA,1,1,NA,1,1,10,CA,city,1,1,1,1
CA,Kingsburg ,2018,NA,69,0.5,49,5,NA,NA,NA,1,1,5,SSD,2.9896658182307867,2.9896658182307867,1,2,1,2,4,1,5,CA,1,1,1,1,1
CA,Kingsburg ,2018,NA,69,0.5,49,5,NA,NA,NA,1,1,5,SSD,2.9896658182307867,2.9896658182307867,1,2,1,2,4,1,5,CA,5,1,0,1,0
CA,La Canada Flintridge,2017,NA,71,0.5,5,26,NA,NA,NA,2,2,5,ALP,1.8662895675911584,NA,NA,2,NA,NA,0,0,10,CA,city,0,0,0,0
CA,La Habra Heights ,2017,NA,79,0.5,24,13,NA,NA,NA,3,3,5,ALP,1.9153712701723868,NA,NA,1.7999999999999998,NA,NA,0,0,15,CA,city,0,0,0,0
CA,La Habra,2014,NA,55,2,58,7,NA,NA,NA,2,2,5,ALP,1.61650454041034,NA,NA,1,NA,1,0,0,10,CA,city,0,0,0,0
CA,La Habra,2016,NA,55,2,58,7,NA,NA,NA,3,3,5,ALP,1.8543861351269997,1.8543861351269997,1,1.7999999999999998,1,1,3,1,15,CA,city,1,1,1,1
CA,La Habra,2018,NA,55,2,58,7,NA,NA,NA,2,2,5,ALP,1,1,1,1,1,1,1,1,10,CA,city,1,1,1,1
CA,La Mirada ,2017,NA,54,2,40,18,NA,NA,NA,1,1,5,SSD,1.9210198878123408,1.9210198878123408,NA,2,NA,NA,2,0,5,CA,1,0,0,0,0
CA,La Mirada ,2017,NA,54,2,40,18,NA,NA,NA,1,1,5,SSD,1.9210198878123408,1.9210198878123408,NA,2,NA,NA,2,0,5,CA,2,0,0,0,0
CA,La Palma,2016,NA,40,7,14,46,NA,NA,NA,2,2,5,ALP,1.8387782689390968,NA,NA,2,NA,1,0,0,10,CA,city,0,0,0,0
CA,La Puente ,2018,NA,64,2,86,8,NA,NA,NA,2,2,5,ALP,1.7028352157601978,1,1,2,1,1,1,1,10,CA,city,1,1,1,1
CA,La Verne,2017,NA,77,4,29,8,NA,NA,NA,2,2,5,ALP,1,1,NA,1,1,NA,1,1,10,CA,city,1,1,1,1
CA,Lafayette,2016,NA,87,1,6,8,NA,NA,NA,2,2,5,ALP,1.9801073404012663,NA,NA,2,NA,1,0,0,10,CA,city,0,0,0,0
CA,Lafayette,2018,NA,87,1,6,8,NA,NA,NA,2,2,5,ALP,1.9990602337717975,1.9990602337717975,NA,1,1,NA,3,2,10,CA,city,2,2,2,2
CA,Laguna Beach ,2016,NA,91,1,7,4,NA,NA,NA,2,2,5,ALP,1.6151947436219207,1,NA,2,NA,NA,1,0,10,CA,city,0,0,0,0
CA,Laguna Beach ,2018,NA,91,1,7,4,NA,NA,NA,3,3,5,ALP,2.4895224446492596,2.4895224446492596,NA,1.7999999999999998,1,NA,9,2,15,CA,city,2,2,2,2
CA,Laguna Hills ,2016,NA,74,1,19,12,NA,NA,NA,2,2,5,ALP,1,1,NA,1,1,NA,1,1,10,CA,city,1,1,1,1
CA,Laguna Hills ,2018,NA,74,1,19,12,NA,NA,NA,3,3,5,ALP,1,1,NA,1,1,NA,1,1,15,CA,city,1,1,1,1
CA,Laguna Niguel,2016,NA,80,2,13,10,NA,NA,NA,3,3,5,ALP,1.0657427992834636,1,NA,1,1,NA,1,1,15,CA,city,1,1,1,1
CA,Laguna Niguel,2018,NA,80,2,13,10,NA,NA,NA,1,1,5,SSD,1.2916031463777344,1.2916031463777344,NA,1,1,NA,3,2,5,CA,1,2,1,2,1
CA,Laguna Niguel,2018,NA,80,2,13,10,NA,NA,NA,1,1,5,SSD,1.2916031463777344,1.2916031463777344,NA,1,1,NA,3,2,5,CA,2,2,1,2,1
CA,Laguna Woods,2018,NA,88,1,4,10,NA,NA,NA,2,2,5,ALP,1,1,NA,1,1,NA,2,1,10,CA,city,1,1,1,1
CA,Lake Forest,2016,NA,67,2,23,15,NA,NA,NA,2,2,5,ALP,1,1,1,1,1,NA,1,1,10,CA,city,1,1,1,1
CA,Lake Forest,2018,NA,67,2,23,15,NA,NA,NA,1,1,5,SSD,1,1,NA,1,1,NA,1,1,5,CA,2,1,1,1,1
CA,Lake Forest,2018,NA,67,2,23,15,NA,NA,NA,1,1,5,SSD,1,1,NA,1,1,NA,1,1,5,CA,4,1,0,1,0
CA,Lake Forest,2018,NA,67,2,23,15,NA,NA,NA,1,1,5,SSD,1,1,NA,1,1,NA,1,1,5,CA,6,1,0,1,0
CA,Lakewood,2017,NA,53,8,30,16,NA,NA,NA,3,3,5,ALP,1,1,NA,1,1,NA,1,1,15,CA,city,1,1,1,1
CA,Lawndale,2018,NA,48,8,60,11,NA,NA,NA,2,2,5,ALP,2.9126017758287617,1,NA,2,1,NA,1,1,10,CA,city,1,1,1,1
CA,Livermore,2016,NA,79,2,19,10,NA,NA,NA,2,2,5,ALP,2.1202252716982946,1,NA,1,NA,NA,1,0,10,CA,city,0,0,0,0
CA,Livermore,2018,NA,79,2,19,10,NA,NA,NA,2,2,5,ALP,1.9915662003759456,1,NA,2,1,NA,2,1,10,CA,city,1,1,1,1
CA,Lomita ,2018,NA,62,2,38,16,NA,NA,NA,3,3,5,ALP,2.3660265136778653,1,NA,1.7999999999999998,1,NA,1,1,15,CA,city,1,1,1,1
CA,Long Beach,2016,NA,50,14,40,13,NA,NA,NA,1,1,9,SSD,1,NA,NA,1,NA,NA,0,0,9,CA,2,0,0,0,0
CA,Long Beach,2018,NA,50,14,40,13,NA,NA,NA,1,1,9,SSD,1,1,NA,1,1,NA,1,1,9,CA,5,1,1,1,1
CA,Long Beach,2018,NA,50,14,40,13,NA,NA,NA,1,1,9,SSD,1,1,NA,1,1,NA,1,1,9,CA,7,1,0,1,0
CA,Los Alamitos,2016,NA,73,3,21,14,NA,NA,NA,2,2,5,ALP,1,NA,NA,1,NA,NA,0,0,10,CA,city,0,0,0,0
CA,Los Alamitos,2018,NA,73,3,21,14,NA,NA,NA,4,4,5,ALP,2.4953964906851835,1.7561552277187178,1,1.6,1,1,3,1,20,CA,city,1,1,1,1
CA,Los Angeles,2017,NA,52,10,48,11,NA,NA,NA,1,1,15,SSD,1.138588803234309,1,1,1,NA,1,4,0,15,CA,1,0,0,0,0
CA,Los Angeles,2017,NA,52,10,48,11,NA,NA,NA,1,1,15,SSD,1.138588803234309,1,1,1,NA,1,4,0,15,CA,11,0,0,0,0
CA,Los Angeles,2017,NA,52,10,48,11,NA,NA,NA,1,1,15,SSD,1.138588803234309,1,1,1,NA,1,4,0,15,CA,13,0,0,0,0
CA,Los Angeles,2017,NA,52,10,48,11,NA,NA,NA,1,1,15,SSD,1.138588803234309,1,1,1,NA,1,4,0,15,CA,15,0,0,0,0
CA,Los Angeles,2017,NA,52,10,48,11,NA,NA,NA,1,1,15,SSD,1.138588803234309,1,1,1,NA,1,4,0,15,CA,3,0,0,0,0
CA,Los Angeles,2017,NA,52,10,48,11,NA,NA,NA,1,1,15,SSD,1.138588803234309,1,1,1,NA,1,4,0,15,CA,5,0,0,0,0
CA,Los Angeles,2017,NA,52,10,48,11,NA,NA,NA,1,1,15,SSD,1.138588803234309,1,1,1,NA,1,4,0,15,CA,9,0,0,0,0
CA,Los Angeles,2019,NA,52,10,48,11,NA,NA,NA,1,1,15,SSD,1,NA,NA,1,NA,NA,0,0,15,CA,12,0,0,0,0
CA,Lynwood,2015,NA,33,9,87,1,NA,NA,NA,2,2,5,ALP,1,NA,NA,1,NA,NA,0,0,10,CA,city,0,0,0,0
CA,Lynwood,2018,NA,33,9,87,1,NA,NA,NA,3,3,5,ALP,1.47614632587342,1,NA,1.7999999999999998,1,1,2,1,15,CA,city,1,1,1,1
CA,Malibu,2016,NA,88,2,6,4,NA,NA,NA,3,3,5,ALP,1,NA,NA,1,NA,NA,0,0,15,CA,city,0,0,0,0
CA,Malibu,2018,NA,88,2,6,4,NA,NA,NA,2,2,5,ALP,1,NA,NA,1,NA,NA,0,0,10,CA,city,0,0,0,0
CA,Manhattan Beach,2015,NA,85,0.5,8,8,NA,NA,NA,2,2,5,ALP,1,NA,NA,1,NA,NA,0,0,10,CA,city,0,0,0,0
CA,Manhattan Beach,2017,NA,85,0.5,8,8,NA,NA,NA,3,3,5,ALP,1,NA,NA,1,NA,NA,0,0,15,CA,city,0,0,0,0
CA,Martinez,2016,NA,80,5,14,8,NA,NA,NA,2,2,5,ALP,1.5843175690903424,1.5843175690903424,NA,2,1,NA,2,1,10,CA,city,1,1,1,1
CA,Martinez,2018,NA,80,5,14,8,NA,NA,NA,1,1,5,SSD,1.720218068234524,1,NA,1,1,NA,2,2,5,CA,1,2,1,2,1
CA,Martinez,2018,NA,80,5,14,8,NA,NA,NA,1,1,5,SSD,1.720218068234524,1,NA,1,1,NA,2,2,5,CA,2,2,1,2,1
CA,Maywood,2018,NA,66,1,98,0.5,NA,NA,NA,3,3,5,ALP,1,NA,NA,1,NA,NA,0,0,15,CA,city,0,0,0,0
CA,Mendota,2016,NA,86,1,96,2,NA,NA,NA,2,2,5,ALP,1.3094752190028145,NA,1,1,NA,1,0,0,10,CA,city,0,0,0,0
CA,Mendota,2018,NA,86,1,96,2,NA,NA,NA,3,3,5,ALP,1.7741087680355163,1,1,1,NA,1,1,0,15,CA,city,0,0,0,0
CA,Mission Viejo,2016,NA,80,1,15,9,NA,NA,NA,2,2,5,ALP,1.244112455510516,1.244112455510516,NA,1,1,NA,3,1,10,CA,city,1,1,1,1
CA,Mission Viejo,2018,NA,80,1,15,9,NA,NA,NA,3,3,5,ALP,1.4775443404519135,1,NA,1,1,NA,1,1,15,CA,city,1,1,1,1
CA,Montebello,2015,NA,57,1,79,10,NA,NA,NA,2,2,5,ALP,1,NA,NA,1,NA,NA,0,0,10,CA,city,0,0,0,0
CA,Montebello,2018,NA,57,1,79,10,NA,NA,NA,3,3,5,ALP,1,NA,NA,1,NA,NA,0,0,15,CA,city,0,0,0,0
CA,Monterey Park,2016,NA,19,0.5,28,65,NA,NA,NA,3,3,5,ALP,1,NA,NA,1,NA,NA,0,0,15,CA,city,0,0,0,0
CA,Monterey Park,2017,NA,19,0.5,28,65,NA,NA,NA,2,2,5,ALP,1,NA,NA,1,NA,NA,0,0,10,CA,city,0,0,0,0
CA,Moraga ,2016,NA,79,2,7,15,NA,NA,NA,3,3,5,ALP,1.5276609309229094,1.5276609309229094,NA,1.7999999999999998,1.7999999999999998,1,2,2,15,CA,city,2,2,2,2
CA,Moraga ,2018,NA,79,2,7,15,NA,NA,NA,2,2,5,ALP,2.970132573742999,NA,NA,2,NA,NA,0,0,10,CA,city,0,0,0,0
CA,Morro Bay ,2016,NA,96,0.5,18,2,NA,NA,NA,2,2,5,ALP,1.8800019258624776,1.8800019258624776,NA,1,1,NA,2,1,10,CA,city,1,1,1,1
CA,Morro Bay ,2018,NA,96,0.5,18,2,NA,NA,NA,2,2,5,ALP,1.1815395078961397,1,NA,1,1,NA,2,1,10,CA,city,1,1,1,1
CA,Newark ,2014,NA,42,4,35,26,NA,NA,NA,2,2,5,ALP,2.602508812302296,1,1,2,NA,NA,1,0,10,CA,city,0,0,0,0
CA,Newport Beach,2016,NA,88,1,7,8,NA,NA,NA,1,1,7,SSD,1,1,1,1,NA,NA,1,0,7,CA,1,0,0,0,0
CA,Newport Beach,2016,NA,88,1,7,8,NA,NA,NA,1,1,7,SSD,1,1,1,1,NA,NA,1,0,7,CA,2,0,0,0,0
CA,Newport Beach,2016,NA,88,1,7,8,NA,NA,NA,1,1,7,SSD,1,1,1,1,NA,NA,1,0,7,CA,5,0,0,0,0
CA,Newport Beach,2018,NA,88,1,7,8,NA,NA,NA,1,1,7,SSD,1,1,NA,1,1,NA,2,2,7,CA,1,2,1,2,1
CA,Newport Beach,2018,NA,88,1,7,8,NA,NA,NA,1,1,7,SSD,1,1,NA,1,1,NA,2,2,7,CA,3,2,0,2,0
CA,Newport Beach,2018,NA,88,1,7,8,NA,NA,NA,1,1,7,SSD,1,1,NA,1,1,NA,2,2,7,CA,4,2,0,2,0
CA,Newport Beach,2018,NA,88,1,7,8,NA,NA,NA,1,1,7,SSD,1,1,NA,1,1,NA,2,2,7,CA,6,2,1,2,1
CA,Norwalk,2015,NA,52,14,22,5,NA,NA,NA,4,4,15,ALP,1.9370504246556743,1.0586264510632863,NA,1,1,1,3,1,60,CA,city,1,1,1,1
CA,Oakland,2014,NA,39,28,25,16,NA,NA,NA,1,1,8,RCV,1,1,1,1,1,1,5,2,8,CA,2,2,0,2,0
CA,Oakland,2014,NA,39,28,25,16,NA,NA,NA,1,1,8,RCV,1,1,1,1,1,1,5,2,8,CA,4,2,1,2,1
CA,Oakland,2014,NA,39,28,25,16,NA,NA,NA,1,1,8,RCV,1,1,1,1,1,1,5,2,8,CA,6,2,1,2,1
CA,Oakland,2016,NA,39,28,25,16,NA,NA,NA,1,1,8,RCV,1,1,1,1,1,1,6,2,8,CA,1,2,0,2,0
CA,Oakland,2016,NA,39,28,25,16,NA,NA,NA,1,1,8,RCV,1,1,1,1,1,1,6,2,8,CA,3,2,1,2,1
CA,Oakland,2016,NA,39,28,25,16,NA,NA,NA,1,1,8,RCV,1,1,1,1,1,1,6,2,8,CA,4,2,1,2,1
CA,Oakland,2016,NA,39,28,25,16,NA,NA,NA,1,1,8,RCV,1,1,1,1,1,1,6,2,8,CA,5,2,0,2,0
CA,Oakland,2016,NA,39,28,25,16,NA,NA,NA,1,1,8,RCV,1,1,1,1,1,1,6,2,8,CA,7,2,0,2,0
CA,Oakland,2018,NA,39,28,25,16,NA,NA,NA,1,1,8,RCV,1.164803629836751,1,1,1,1,1,8,3,8,CA,2,3,1,3,1
CA,Oakland,2018,NA,39,28,25,16,NA,NA,NA,1,1,8,RCV,1.164803629836751,1,1,1,1,1,8,3,8,CA,4,3,1,3,1
CA,Oakland,2018,NA,39,28,25,16,NA,NA,NA,1,1,8,RCV,1.164803629836751,1,1,1,1,1,8,3,8,CA,6,3,1,3,1
CA,Oakland,2019,NA,39,28,25,16,NA,NA,NA,1,1,8,RCV,1.934440467748906,1,NA,1.7999999999999998,1,NA,3,1,8,CA,5,1,0,1,0
CA,Oakland,2019,NA,39,28,25,16,NA,NA,NA,1,1,8,RCV,1.934440467748906,1,NA,1.7999999999999998,1,NA,3,1,8,CA,6,1,1,1,1
CA,Oakland,2019,NA,39,28,25,16,NA,NA,NA,1,1,8,RCV,1.934440467748906,1,NA,1.7999999999999998,1,NA,3,1,8,CA,8,1,0,1,0
CA,Oakley,2016,NA,65,8,40,6,NA,NA,NA,3,3,5,ALP,1.8945346994525545,1,NA,1,1,1,1,1,15,CA,city,1,1,1,1
CA,Oakley,2018,NA,65,8,40,6,NA,NA,NA,2,2,5,ALP,2.4043186395767604,1,NA,2,1,NA,1,1,10,CA,city,1,1,1,1
CA,Orange ,2018,NA,62,1,38,12,NA,NA,NA,2,2,5,ALP,1.593545526001782,1.593545526001782,NA,1,1,NA,4,1,10,CA,city,1,1,1,1
CA,Orange Cove,2014,NA,54,2,96,0,NA,NA,NA,2,2,5,ALP,1.7150113063141417,1,1.7150113063141417,2,1,2,4,1,10,CA,city,1,1,1,1
CA,Orange Cove,2018,NA,54,2,96,0,NA,NA,NA,2,2,5,ALP,1,1,1,1,1,1,1,1,10,CA,city,1,1,1,1
CA,Orinda ,2016,NA,82,2,4,10,NA,NA,NA,2,2,5,ALP,1.8293866841587405,1.8293866841587405,NA,1,1,NA,3,2,10,CA,city,2,2,2,2
CA,Orinda ,2018,NA,82,2,4,10,NA,NA,NA,3,3,5,ALP,1.7661403835527505,1.7661403835527505,NA,1,1,NA,3,1,15,CA,city,1,1,1,1
CA,Oroville,2016,NA,71,3,11,11,NA,NA,NA,3,3,7,ALP,2.6033445671670297,2.6033445671670297,1,1.7999999999999998,1.7999999999999998,NA,4,2,21,CA,city,2,2,2,2
CA,Oroville,2018,NA,71,3,11,11,NA,NA,NA,3,3,7,ALP,1.4912915220710858,1.4912915220710858,NA,1,NA,NA,3,0,21,CA,city,0,0,0,0
CA,Palmdale,2016,NA,43,14,54,4,NA,NA,NA,1,1,5,SSD,1,NA,NA,1,NA,NA,0,0,5,CA,1,0,0,0,0
CA,Palmdale,2016,NA,43,14,54,4,NA,NA,NA,1,1,5,SSD,1,NA,NA,1,NA,NA,0,0,5,CA,2,0,0,0,0
CA,Palmdale,2016,NA,43,14,54,4,NA,NA,NA,1,1,5,SSD,1,NA,NA,1,NA,NA,0,0,5,CA,3,0,0,0,0
CA,Palmdale,2016,NA,43,14,54,4,NA,NA,NA,1,1,5,SSD,1,NA,NA,1,NA,NA,0,0,5,CA,4,0,0,0,0
CA,Palmdale,2018,NA,43,14,54,4,NA,NA,NA,1,1,5,SSD,1,NA,NA,1,NA,NA,0,0,5,CA,3,0,0,0,0
CA,Palmdale,2018,NA,43,14,54,4,NA,NA,NA,1,1,5,SSD,1,NA,NA,1,NA,NA,0,0,5,CA,4,0,0,0,0
CA,Palos Verdes Estates,2017,NA,61,3,8,29,NA,NA,NA,2,2,5,ALP,1,NA,NA,1,NA,NA,0,0,10,CA,city,0,0,0,0
CA,Paradise,2016,NA,91,1,8,1,NA,NA,NA,3,3,5,ALP,1.9914014752865592,1,NA,1.7999999999999998,1,NA,1,1,15,CA,city,1,1,1,1
CA,Paradise,2018,NA,91,1,8,1,NA,NA,NA,2,2,5,ALP,1.2190668504955076,1,NA,1,1,NA,2,1,10,CA,city,1,1,1,1
CA,Paramount ,2017,NA,33,10,80,3,NA,NA,NA,2,2,5,ALP,1,NA,NA,1,NA,NA,0,0,10,CA,city,0,0,0,0
CA,Parlier,2016,NA,60,1,97,0.5,NA,NA,NA,1,1,5,SSD,1,NA,1,1,NA,1,0,0,5,CA,1,0,0,0,0
CA,Parlier,2016,NA,60,1,97,0.5,NA,NA,NA,1,1,5,SSD,1,NA,1,1,NA,1,0,0,5,CA,3,0,0,0,0
CA,Parlier,2018,NA,60,1,97,0.5,NA,NA,NA,1,1,5,SSD,2.6402840542285344,1,1.917901938426454,1,NA,1,1,1,5,CA,2,1,0,1,0
CA,Parlier,2018,NA,60,1,97,0.5,NA,NA,NA,1,1,5,SSD,2.6402840542285344,1,1.917901938426454,1,NA,1,1,1,5,CA,4,1,1,1,1
CA,Pasadena,2017,NA,63,11,34,14,NA,NA,NA,1,1,7,SSD,1,NA,NA,1,NA,NA,0,0,7,CA,3,0,0,0,0
CA,Pasadena,2017,NA,63,11,34,14,NA,NA,NA,1,1,7,SSD,1,NA,NA,1,NA,NA,0,0,7,CA,5,0,0,0,0
CA,Pasadena,2017,NA,63,11,34,14,NA,NA,NA,1,1,7,SSD,1,NA,NA,1,NA,NA,0,0,7,CA,7,0,0,0,0
CA,Paso Robles,2016,NA,77,5,35,2,NA,NA,NA,2,2,5,ALP,1.6617846326115506,NA,NA,1,NA,NA,0,0,10,CA,city,0,0,0,0
CA,Paso Robles,2018,NA,77,5,35,2,NA,NA,NA,2,2,5,ALP,1.6756662300524354,1,NA,2,1,1,1,1,10,CA,city,1,1,1,1
CA,Pico Rivera,2015,NA,62,1,91,3,NA,NA,NA,3,3,6,ALP,1,NA,NA,1,NA,NA,0,0,18,CA,city,0,0,0,0
CA,Pico Rivera,2016,NA,62,1,91,3,NA,NA,NA,1,1,6,SSD,1,NA,NA,1,NA,NA,0,0,6,CA,1,0,0,0,0
CA,Pico Rivera,2016,NA,62,1,91,3,NA,NA,NA,1,1,6,SSD,1,NA,NA,1,NA,NA,0,0,6,CA,4,0,0,0,0
CA,Pico Rivera,2016,NA,62,1,91,3,NA,NA,NA,1,1,6,SSD,1,NA,NA,1,NA,NA,0,0,6,CA,6,0,0,0,0
CA,Pico Rivera,2018,NA,62,1,91,3,NA,NA,NA,2,2,6,ALP,1,NA,NA,1,NA,NA,0,0,12,CA,city,0,0,0,0
CA,Piedmont,2016,NA,76,1,4,20,NA,NA,NA,2,2,5,ALP,1.0370624440050258,1.0370624440050258,NA,1,1,NA,2,1,10,CA,city,1,1,1,1
CA,Piedmont,2018,NA,76,1,4,20,NA,NA,NA,3,3,5,ALP,1.7394563104100884,1,NA,1.7999999999999998,1,NA,3,2,15,CA,city,2,2,2,2
CA,Pinole,2018,NA,50,10,22,23,NA,NA,NA,3,3,5,ALP,1.4615740165065334,1,NA,1,1,1,2,1,15,CA,city,1,1,1,1
CA,Pismo Beach,2016,NA,88,1,10,3,NA,NA,NA,2,2,5,ALP,2.455748243647334,1.9280555159048232,NA,1,1,NA,2,1,10,CA,city,1,1,1,1
CA,Pismo Beach,2018,NA,88,1,10,3,NA,NA,NA,2,2,5,ALP,1.1254064690997911,1,NA,1,1,1,3,2,10,CA,city,2,2,2,2
CA,Pittsburg ,2016,NA,41,18,42,15,NA,NA,NA,2,2,5,ALP,1.507053231245808,NA,1,1,NA,1,0,0,10,CA,city,0,0,0,0
CA,Pittsburg ,2018,NA,41,18,42,15,NA,NA,NA,3,3,5,ALP,1.4466058576752872,1.4466058576752872,1,1.7999999999999998,1.7999999999999998,1.7999999999999998,2,2,15,CA,city,2,2,2,2
CA,Placentia ,2016,NA,66,2,38,15,NA,NA,NA,3,3,5,ALP,1.5091843254621162,1,1,1,1,1,1,1,15,CA,city,1,1,1,1
CA,Placentia ,2018,NA,66,2,38,15,NA,NA,NA,2,1.6666666666666667,5,SSD,1.5425118488409917,NA,NA,1.7999999999999998,NA,NA,0,0,10,CA,1,0,0,0,0
CA,Placentia ,2018,NA,66,2,38,15,NA,NA,NA,2,1.6666666666666667,5,SSD,1.5425118488409917,NA,NA,1.7999999999999998,NA,NA,0,0,10,CA,city,0,0,0,0
CA,Placentia ,2018,NA,66,2,38,15,NA,NA,NA,2,1.6666666666666667,5,ALP,1.5425118488409917,NA,NA,1.7999999999999998,NA,NA,0,0,10,CA,1,0,0,0,0
CA,Placentia ,2018,NA,66,2,38,15,NA,NA,NA,2,1.6666666666666667,5,ALP,1.5425118488409917,NA,NA,1.7999999999999998,NA,NA,0,0,10,CA,city,0,0,0,0
CA,Pleasant Hill,2016,NA,75,2,14,14,NA,NA,NA,3,3,5,ALP,1.9749425583698867,NA,NA,1.7999999999999998,NA,NA,0,0,15,CA,city,0,0,0,0
CA,Pleasant Hill,2018,NA,75,2,14,14,NA,NA,NA,2,2,5,ALP,1,1,NA,1,1,NA,1,1,10,CA,city,1,1,1,1
CA,Pleasanton,2016,NA,68,3,11,23,NA,NA,NA,2,2,5,ALP,1,1,NA,1,1,NA,1,1,10,CA,city,1,1,1,1
CA,Pleasanton,2018,NA,68,3,11,23,NA,NA,NA,2,2,5,ALP,1.9296176507025624,1,NA,1,1,NA,2,2,10,CA,city,2,2,2,2
CA,Pomona,2018,NA,54,9,70,8,NA,NA,NA,1,1,5,SSD,1,NA,NA,1,NA,NA,0,0,5,CA,2,0,0,0,0
CA,Pomona,2018,NA,54,9,70,8,NA,NA,NA,1,1,5,SSD,1,NA,NA,1,NA,NA,0,0,5,CA,3,0,0,0,0
CA,Pomona,2018,NA,54,9,70,8,NA,NA,NA,1,1,5,SSD,1,NA,NA,1,NA,NA,0,0,5,CA,5,0,0,0,0
CA,Rancho Palos Verdes,2015,NA,61,3,8,29,NA,NA,NA,3,3,5,ALP,1,NA,NA,1,NA,NA,0,0,15,CA,city,0,0,0,0
CA,Rancho Palos Verdes,2017,NA,61,3,8,29,NA,NA,NA,2,2,5,ALP,1,NA,NA,1,NA,NA,0,0,10,CA,city,0,0,0,0
CA,Rancho Santa Margarita,2016,NA,78,1,17,11,NA,NA,NA,2,2,5,ALP,1,1,NA,1,1,NA,1,1,10,CA,city,1,1,1,1
CA,Rancho Santa Margarita,2018,NA,78,1,17,11,NA,NA,NA,3,3,5,ALP,1.4251645358269769,1.4251645358269769,NA,1,1,NA,2,1,15,CA,city,1,1,1,1
CA,Redondo Beach,2017,NA,77,3,16,11,NA,NA,NA,1,1,5,SSD,1,NA,NA,1,NA,NA,0,0,5,CA,1,0,0,0,0
CA,Redondo Beach,2017,NA,77,3,16,11,NA,NA,NA,1,1,5,SSD,1,NA,NA,1,NA,NA,0,0,5,CA,2,0,0,0,0
CA,Redondo Beach,2017,NA,77,3,16,11,NA,NA,NA,1,1,5,SSD,1,NA,NA,1,NA,NA,0,0,5,CA,4,0,0,0,0
CA,Reedley,2014,NA,62,1,76,3,NA,NA,NA,1,1,5,SSD,1.6616711921783212,1,1,2,1,1,1,1,5,CA,2,1,1,1,1
CA,Reedley,2014,NA,62,1,76,3,NA,NA,NA,1,1,5,SSD,1.6616711921783212,1,1,2,1,1,1,1,5,CA,4,1,0,1,0
CA,Reedley,2016,NA,62,1,76,3,NA,NA,NA,1,1,5,SSD,1,NA,1,1,NA,1,0,0,5,CA,1,0,0,0,0
CA,Reedley,2018,NA,62,1,76,3,NA,NA,NA,1,1,5,SSD,1.9912915577082233,1,NA,1,NA,1,1,0,5,CA,4,0,0,0,0
CA,Richmond,2016,NA,44,27,38,15,NA,NA,NA,3,3,6,ALP,1,NA,1,1,NA,1,0,0,18,CA,city,0,0,0,0
CA,Richmond,2018,NA,44,27,38,15,NA,NA,NA,3,3,6,ALP,1.4550590682902125,1.4550590682902125,1,1,NA,1,4,0,18,CA,city,0,0,0,0
CA,Rolling Hills Estates,2015,NA,66,6,4,24,NA,NA,NA,3,3,5,ALP,1,NA,NA,1,NA,NA,0,0,15,CA,city,0,0,0,0
CA,Rolling Hills Estates,2018,NA,66,6,4,24,NA,NA,NA,2,2,5,ALP,1,NA,NA,1,NA,NA,0,0,10,CA,city,0,0,0,0
CA,Rosemead,2018,NA,22,1,32,61,NA,NA,NA,1,1,5,SSD,1,NA,NA,1,NA,NA,0,0,5,CA,1,0,0,0,0
CA,Sacramento,2010,295787,36.1,13.7,25.4,19.799999999999997,NA,NA,0.6,1,1,8,SSD,1.5635623223474504,1.3395422550350258,1,1,1,1,3,1,8,CA,1,1,1,1,1
CA,Sacramento,2010,295787,36.1,13.7,25.4,19.799999999999997,NA,NA,0.6,1,1,8,SSD,1.5635623223474504,1.3395422550350258,1,1,1,1,3,1,8,CA,3,1,0,1,0
CA,Sacramento,2010,295787,36.1,13.7,25.4,19.799999999999997,NA,NA,0.6,1,1,8,SSD,1.5635623223474504,1.3395422550350258,1,1,1,1,3,1,8,CA,5,1,0,1,0
CA,Sacramento,2010,295787,36.1,13.7,25.4,19.799999999999997,NA,NA,0.6,1,1,8,SSD,1.5635623223474504,1.3395422550350258,1,1,1,1,3,1,8,CA,7,1,0,1,0
CA,Sacramento,2012,306218,34.8,13.4,26.3,20.1,NA,NA,0.5,1,1,8,SSD,1.0904897279218932,1,1,1,1,1,6,1,8,CA,2,1,0,1,0
CA,Sacramento,2012,306218,34.8,13.4,26.3,20.1,NA,NA,0.5,1,1,8,SSD,1.0904897279218932,1,1,1,1,1,6,1,8,CA,4,1,0,1,0
CA,Sacramento,2012,306218,34.8,13.4,26.3,20.1,NA,NA,0.5,1,1,8,SSD,1.0904897279218932,1,1,1,1,1,6,1,8,CA,6,1,0,1,0
CA,Sacramento,2012,306218,34.8,13.4,26.3,20.1,NA,NA,0.5,1,1,8,SSD,1.0904897279218932,1,1,1,1,1,6,1,8,CA,8,1,1,1,1
CA,Sacramento,2012,306218,34.8,13.4,26.3,20.1,NA,NA,0.5,1,1,8,MR,1.0904897279218932,1,1,1,1,1,6,1,8,CA,2,1,0,1,0
CA,Sacramento,2012,306218,34.8,13.4,26.3,20.1,NA,NA,0.5,1,1,8,MR,1.0904897279218932,1,1,1,1,1,6,1,8,CA,4,1,0,1,0
CA,Sacramento,2012,306218,34.8,13.4,26.3,20.1,NA,NA,0.5,1,1,8,MR,1.0904897279218932,1,1,1,1,1,6,1,8,CA,6,1,0,1,0
CA,Sacramento,2012,306218,34.8,13.4,26.3,20.1,NA,NA,0.5,1,1,8,MR,1.0904897279218932,1,1,1,1,1,6,1,8,CA,8,1,1,1,1
CA,Sacramento,2014,315304,34,13,27.6,19.799999999999997,NA,NA,0.4,1,1,8,SSD,1.0489794665215653,1,1,1,1,1,4,1,8,CA,1,1,1,1,1
CA,Sacramento,2014,315304,34,13,27.6,19.799999999999997,NA,NA,0.4,1,1,8,SSD,1.0489794665215653,1,1,1,1,1,4,1,8,CA,3,1,0,1,0
CA,Sacramento,2014,315304,34,13,27.6,19.799999999999997,NA,NA,0.4,1,1,8,SSD,1.0489794665215653,1,1,1,1,1,4,1,8,CA,5,1,0,1,0
CA,Sacramento,2014,315304,34,13,27.6,19.799999999999997,NA,NA,0.4,1,1,8,SSD,1.0489794665215653,1,1,1,1,1,4,1,8,CA,7,1,0,1,0
CA,Sacramento,2014,315304,34,13,27.6,19.799999999999997,NA,NA,0.4,1,1,8,SSD,1.0489794665215653,1,1,1,1,1,4,1,8,CA,8,1,0,1,0
CA,Sacramento,2014,315304,34,13,27.6,19.799999999999997,NA,NA,0.4,1,1,8,MR,1.0489794665215653,1,1,1,1,1,4,1,8,CA,1,1,1,1,1
CA,Sacramento,2014,315304,34,13,27.6,19.799999999999997,NA,NA,0.4,1,1,8,MR,1.0489794665215653,1,1,1,1,1,4,1,8,CA,3,1,0,1,0
CA,Sacramento,2014,315304,34,13,27.6,19.799999999999997,NA,NA,0.4,1,1,8,MR,1.0489794665215653,1,1,1,1,1,4,1,8,CA,5,1,0,1,0
CA,Sacramento,2014,315304,34,13,27.6,19.799999999999997,NA,NA,0.4,1,1,8,MR,1.0489794665215653,1,1,1,1,1,4,1,8,CA,7,1,0,1,0
CA,Sacramento,2014,315304,34,13,27.6,19.799999999999997,NA,NA,0.4,1,1,8,MR,1.0489794665215653,1,1,1,1,1,4,1,8,CA,8,1,0,1,0
CA,Sacramento,2016,323968,33.6,13.2,28.1,19.6,NA,NA,0.3,1,1,8,SSD,1,1,1,1,NA,1,2,0,8,CA,2,0,0,0,0
CA,Sacramento,2016,323968,33.6,13.2,28.1,19.6,NA,NA,0.3,1,1,8,SSD,1,1,1,1,NA,1,2,0,8,CA,4,0,0,0,0
CA,Sacramento,2016,323968,33.6,13.2,28.1,19.6,NA,NA,0.3,1,1,8,SSD,1,1,1,1,NA,1,2,0,8,CA,6,0,0,0,0
CA,Sacramento,2016,323968,33.6,13.2,28.1,19.6,NA,NA,0.3,1,1,8,SSD,1,1,1,1,NA,1,2,0,8,CA,8,0,0,0,0
CA,Sacramento,2018,332670,32.5,13,28.7,20.3,NA,NA,0.3,1,1,8,SSD,1.021310956481417,1,1,1,1,1,3,1,8,CA,1,1,1,1,1
CA,Sacramento,2018,332670,32.5,13,28.7,20.3,NA,NA,0.3,1,1,8,SSD,1.021310956481417,1,1,1,1,1,3,1,8,CA,3,1,0,1,0
CA,Sacramento,2018,332670,32.5,13,28.7,20.3,NA,NA,0.3,1,1,8,SSD,1.021310956481417,1,1,1,1,1,3,1,8,CA,5,1,0,1,0
CA,Sacramento,2018,332670,32.5,13,28.7,20.3,NA,NA,0.3,1,1,8,SSD,1.021310956481417,1,1,1,1,1,3,1,8,CA,7,1,0,1,0
CA,Sacramento,2020,340478,32.4,12.7,28.9,20.3,NA,NA,0.4,1,1,8,SSD,1.5324531533603314,1.4115572007784314,1.4115572007784314,1.6,1,1.6,5,3,8,CA,2,3,0,3,0
CA,Sacramento,2020,340478,32.4,12.7,28.9,20.3,NA,NA,0.4,1,1,8,SSD,1.5324531533603314,1.4115572007784314,1.4115572007784314,1.6,1,1.6,5,3,8,CA,4,3,1,3,1
CA,Sacramento,2020,340478,32.4,12.7,28.9,20.3,NA,NA,0.4,1,1,8,SSD,1.5324531533603314,1.4115572007784314,1.4115572007784314,1.6,1,1.6,5,3,8,CA,6,3,0,3,0
CA,Sacramento,2020,340478,32.4,12.7,28.9,20.3,NA,NA,0.4,1,1,8,SSD,1.5324531533603314,1.4115572007784314,1.4115572007784314,1.6,1,1.6,5,3,8,CA,8,3,2,3,2
CA,Sacramento,2020,340478,32.4,12.7,28.9,20.3,NA,NA,0.4,1,1,8,MR,1.5324531533603314,1.4115572007784314,1.4115572007784314,1.6,1,1.6,5,3,8,CA,2,3,0,3,0
CA,Sacramento,2020,340478,32.4,12.7,28.9,20.3,NA,NA,0.4,1,1,8,MR,1.5324531533603314,1.4115572007784314,1.4115572007784314,1.6,1,1.6,5,3,8,CA,4,3,1,3,1
CA,Sacramento,2020,340478,32.4,12.7,28.9,20.3,NA,NA,0.4,1,1,8,MR,1.5324531533603314,1.4115572007784314,1.4115572007784314,1.6,1,1.6,5,3,8,CA,6,3,0,3,0
CA,Sacramento,2020,340478,32.4,12.7,28.9,20.3,NA,NA,0.4,1,1,8,MR,1.5324531533603314,1.4115572007784314,1.4115572007784314,1.6,1,1.6,5,3,8,CA,8,3,2,3,2
CA,San Clemente ,2016,NA,83,1,15,5,NA,NA,NA,2,2,5,ALP,1.0790012799855764,1,NA,1,NA,NA,1,0,10,CA,city,0,0,0,0
CA,San Clemente ,2018,NA,83,1,15,5,NA,NA,NA,3,3,5,ALP,1.48646718571156,1,NA,1,1,NA,4,2,15,CA,city,2,2,2,2
CA,San Dimas,2017,NA,70,3,26,12,NA,NA,NA,2,2,5,ALP,1,NA,NA,1,NA,NA,0,0,10,CA,city,0,0,0,0
CA,San Fernando ,2017,NA,66,0.5,91,1,NA,NA,NA,2,2,5,ALP,1,NA,NA,1,NA,NA,0,0,10,CA,city,0,0,0,0
CA,San Fernando ,2018,NA,66,0.5,91,1,NA,NA,NA,3,3,5,ALP,1,NA,NA,1,NA,NA,0,0,15,CA,city,0,0,0,0
CA,San Francisco,2014,NA,52,6,15,36,NA,NA,NA,1,1,11,RCV,1,1,1,1,1,1,6,3,11,CA,10,3,1,3,1
CA,San Francisco,2014,NA,52,6,15,36,NA,NA,NA,1,1,11,RCV,1,1,1,1,1,1,6,3,11,CA,2,3,0,3,0
CA,San Francisco,2014,NA,52,6,15,36,NA,NA,NA,1,1,11,RCV,1,1,1,1,1,1,6,3,11,CA,4,3,1,3,1
CA,San Francisco,2014,NA,52,6,15,36,NA,NA,NA,1,1,11,RCV,1,1,1,1,1,1,6,3,11,CA,5,3,0,3,0
CA,San Francisco,2014,NA,52,6,15,36,NA,NA,NA,1,1,11,RCV,1,1,1,1,1,1,6,3,11,CA,6,3,1,3,1
CA,San Francisco,2014,NA,52,6,15,36,NA,NA,NA,1,1,11,RCV,1,1,1,1,1,1,6,3,11,CA,8,3,0,3,0
CA,San Francisco,2018,NA,52,6,15,36,NA,NA,NA,1,1,11,RCV,1,1,1,1,1,1,9,1,11,CA,10,1,0,1,0
CA,San Francisco,2018,NA,52,6,15,36,NA,NA,NA,1,1,11,RCV,1,1,1,1,1,1,9,1,11,CA,2,1,1,1,1
CA,San Francisco,2018,NA,52,6,15,36,NA,NA,NA,1,1,11,RCV,1,1,1,1,1,1,9,1,11,CA,4,1,0,1,0
CA,San Francisco,2018,NA,52,6,15,36,NA,NA,NA,1,1,11,RCV,1,1,1,1,1,1,9,1,11,CA,6,1,0,1,0
CA,San Francisco,2018,NA,52,6,15,36,NA,NA,NA,1,1,11,RCV,1,1,1,1,1,1,9,1,11,CA,8,1,0,1,0
CA,San Gabriel,2015,NA,27,1,26,60,NA,NA,NA,2,2,5,ALP,1,NA,NA,1,NA,NA,0,0,10,CA,city,0,0,0,0
CA,San Gabriel,2017,NA,27,1,26,60,NA,NA,NA,3,3,5,ALP,1,NA,NA,1,NA,NA,0,0,15,CA,city,0,0,0,0
CA,San Joaquin,2016,NA,97,0,97,0.5,NA,NA,NA,3,3,5,ALP,1,1,1,1,1,1,4,1,15,CA,city,1,1,1,1
CA,San Joaquin,2018,NA,97,0,97,0.5,NA,NA,NA,2,2,5,ALP,1.9999597828272675,1,1.9999597828272675,1,NA,1,3,0,10,CA,city,0,0,0,0
CA,San Jose,2016,NA,48,3,33,32,NA,NA,NA,1,1,10,SSD,2.0056770415966345,1.8715012041744712,1.8715012041744712,1.923076923076923,1.923076923076923,1.923076923076923,3,2,10,CA,10,2,0,2,0
CA,San Jose,2016,NA,48,3,33,32,NA,NA,NA,1,1,10,SSD,2.0056770415966345,1.8715012041744712,1.8715012041744712,1.923076923076923,1.923076923076923,1.923076923076923,3,2,10,CA,2,2,0,2,0
CA,San Jose,2016,NA,48,3,33,32,NA,NA,NA,1,1,10,SSD,2.0056770415966345,1.8715012041744712,1.8715012041744712,1.923076923076923,1.923076923076923,1.923076923076923,3,2,10,CA,4,2,0,2,0
CA,San Jose,2016,NA,48,3,33,32,NA,NA,NA,1,1,10,SSD,2.0056770415966345,1.8715012041744712,1.8715012041744712,1.923076923076923,1.923076923076923,1.923076923076923,3,2,10,CA,6,2,1,2,1
CA,San Jose,2016,NA,48,3,33,32,NA,NA,NA,1,1,10,SSD,2.0056770415966345,1.8715012041744712,1.8715012041744712,1.923076923076923,1.923076923076923,1.923076923076923,3,2,10,CA,8,2,1,2,1
CA,San Jose,2018,NA,48,3,33,32,NA,NA,NA,1,1,10,SSD,2.8178351839889344,1.8183181372136423,1.9713303361376635,2.272727272727273,1.6,1.6,4,3,10,CA,1,3,0,3,0
CA,San Jose,2018,NA,48,3,33,32,NA,NA,NA,1,1,10,SSD,2.8178351839889344,1.8183181372136423,1.9713303361376635,2.272727272727273,1.6,1.6,4,3,10,CA,3,3,0,3,0
CA,San Jose,2018,NA,48,3,33,32,NA,NA,NA,1,1,10,SSD,2.8178351839889344,1.8183181372136423,1.9713303361376635,2.272727272727273,1.6,1.6,4,3,10,CA,5,3,1,3,1
CA,San Jose,2018,NA,48,3,33,32,NA,NA,NA,1,1,10,SSD,2.8178351839889344,1.8183181372136423,1.9713303361376635,2.272727272727273,1.6,1.6,4,3,10,CA,7,3,1,3,1
CA,San Jose,2018,NA,48,3,33,32,NA,NA,NA,1,1,10,SSD,2.8178351839889344,1.8183181372136423,1.9713303361376635,2.272727272727273,1.6,1.6,4,3,10,CA,9,3,1,3,1
CA,San Juan Capistrano ,2016,NA,71,0.5,38,3,NA,NA,NA,1,1,5,SSD,2.2226630073762688,1,NA,2,NA,1,2,0,5,CA,1,0,0,0,0
CA,San Juan Capistrano ,2016,NA,71,0.5,38,3,NA,NA,NA,1,1,5,SSD,2.2226630073762688,1,NA,2,NA,1,2,0,5,CA,5,0,0,0,0
CA,San Juan Capistrano ,2018,NA,71,0.5,38,3,NA,NA,NA,1,1,5,SSD,1.0888161253149935,1.0884297378966683,1,1,NA,NA,4,0,5,CA,1,0,0,0,0
CA,San Juan Capistrano ,2018,NA,71,0.5,38,3,NA,NA,NA,1,1,5,SSD,1.0888161253149935,1.0884297378966683,1,1,NA,NA,4,0,5,CA,2,0,0,0,0
CA,San Juan Capistrano ,2018,NA,71,0.5,38,3,NA,NA,NA,1,1,5,SSD,1.0888161253149935,1.0884297378966683,1,1,NA,NA,4,0,5,CA,3,0,0,0,0
CA,San Juan Capistrano ,2018,NA,71,0.5,38,3,NA,NA,NA,1,1,5,SSD,1.0888161253149935,1.0884297378966683,1,1,NA,NA,4,0,5,CA,4,0,0,0,0
CA,San Leandro,2016,NA,45,13,26,30,NA,NA,NA,1,1,5,RCV,1,NA,1,1,NA,1,0,0,5,CA,1,0,0,0,0
CA,San Leandro,2016,NA,45,13,26,30,NA,NA,NA,1,1,5,RCV,1,NA,1,1,NA,1,0,0,5,CA,3,0,0,0,0
CA,San Leandro,2016,NA,45,13,26,30,NA,NA,NA,1,1,5,RCV,1,NA,1,1,NA,1,0,0,5,CA,5,0,0,0,0
CA,San Leandro,2018,NA,45,13,26,30,NA,NA,NA,1,1,5,RCV,1,1,1,1,1,1,4,2,5,CA,1,2,1,2,1
CA,San Leandro,2018,NA,45,13,26,30,NA,NA,NA,1,1,5,RCV,1,1,1,1,1,1,4,2,5,CA,2,2,0,2,0
CA,San Leandro,2018,NA,45,13,26,30,NA,NA,NA,1,1,5,RCV,1,1,1,1,1,1,4,2,5,CA,4,2,1,2,1
CA,San Luis Obispo,2016,NA,83,2,17,6,NA,NA,NA,2,2,5,ALP,1.9435846155458991,1,NA,1,1,NA,2,1,10,CA,city,1,1,1,1
CA,San Luis Obispo,2018,NA,83,2,17,6,NA,NA,NA,2,2,5,ALP,1.1254064690997911,1,NA,1,1,1,3,2,10,CA,city,2,2,2,2
CA,San Marino,2016,NA,44,0,7,52,NA,NA,NA,2,2,5,ALP,1,NA,NA,1,NA,NA,0,0,10,CA,city,0,0,0,0
CA,San Marino,2017,NA,44,0,7,52,NA,NA,NA,3,3,5,ALP,1,NA,NA,1,NA,NA,0,0,15,CA,city,0,0,0,0
CA,San Pablo ,2016,NA,54,15,56,16,NA,NA,NA,3,3,5,ALP,1.709301512480054,1,1,1.7999999999999998,1,1,2,1,15,CA,city,1,1,1,1
CA,San Pablo ,2018,NA,54,15,56,16,NA,NA,NA,2,2,5,ALP,1.7670203493467729,1.7670203493467729,NA,1,1,1,3,2,10,CA,city,2,2,2,2
CA,San Ramon ,2016,NA,53,2,10,36,NA,NA,NA,2,2,5,ALP,1.8592865974598711,1,1,2,NA,NA,1,0,10,CA,city,0,0,0,0
CA,San Ramon ,2018,NA,53,2,10,36,NA,NA,NA,2,2,5,ALP,1.980884466187175,1.980884466187175,1,2,1,1,2,1,10,CA,city,1,1,1,1
CA,Sanger ,2016,NA,63,3,77,4,NA,NA,NA,1,1,5,SSD,1.238876032239943,1,1,1,1,1,1,1,5,CA,1,1,1,1,1
CA,Sanger ,2016,NA,63,3,77,4,NA,NA,NA,1,1,5,SSD,1.238876032239943,1,1,1,1,1,1,1,5,CA,3,1,0,1,0
CA,Sanger ,2018,NA,63,3,77,4,NA,NA,NA,1,1,5,SSD,2.204766137791487,1,1,2,NA,2,1,0,5,CA,2,0,0,0,0
CA,Sanger ,2018,NA,63,3,77,4,NA,NA,NA,1,1,5,SSD,2.204766137791487,1,1,2,NA,2,1,0,5,CA,4,0,0,0,0
CA,Santa Ana,2016,NA,42,1,79,10,NA,NA,NA,1,1,6,SSD,1.7451656580409631,1,1.174254207623865,1.7999999999999998,NA,1.7999999999999998,2,0,6,CA,1,0,0,0,0
CA,Santa Ana,2016,NA,42,1,79,10,NA,NA,NA,1,1,6,SSD,1.7451656580409631,1,1.174254207623865,1.7999999999999998,NA,1.7999999999999998,2,0,6,CA,3,0,0,0,0
CA,Santa Ana,2016,NA,42,1,79,10,NA,NA,NA,1,1,6,SSD,1.7451656580409631,1,1.174254207623865,1.7999999999999998,NA,1.7999999999999998,2,0,6,CA,5,0,0,0,0
CA,Santa Ana,2018,NA,42,1,79,10,NA,NA,NA,1,1,6,SSD,2.207830365091586,2.207830365091586,2.207830365091586,1.7999999999999998,1,1.7999999999999998,5,1,6,CA,2,1,0,1,0
CA,Santa Ana,2018,NA,42,1,79,10,NA,NA,NA,1,1,6,SSD,2.207830365091586,2.207830365091586,2.207830365091586,1.7999999999999998,1,1.7999999999999998,5,1,6,CA,4,1,0,1,0
CA,Santa Ana,2018,NA,42,1,79,10,NA,NA,NA,1,1,6,SSD,2.207830365091586,2.207830365091586,2.207830365091586,1.7999999999999998,1,1.7999999999999998,5,1,6,CA,6,1,1,1,1
CA,Santa Clarita,2016,NA,73,2,30,9,NA,NA,NA,2,2,5,ALP,1,NA,NA,1,NA,NA,0,0,10,CA,city,0,0,0,0
CA,Santa Clarita,2018,NA,73,2,30,9,NA,NA,NA,3,3,5,ALP,1,NA,NA,1,NA,NA,0,0,15,CA,city,0,0,0,0
CA,Santa Fe Springs ,2015,NA,62,4,81,2,NA,NA,NA,3,3,5,ALP,1,NA,NA,1,NA,NA,0,0,15,CA,city,0,0,0,0
CA,Santa Fe Springs ,2018,NA,62,4,81,2,NA,NA,NA,2,2,5,ALP,1,NA,NA,1,NA,NA,0,0,10,CA,city,0,0,0,0
CA,Santa Monica,2016,NA,78,4,12,10,NA,NA,NA,4,4,7,ALP,1,NA,NA,1,NA,NA,0,0,28,CA,city,0,0,0,0
CA,Santa Monica,2018,NA,78,4,12,10,NA,NA,NA,3,3,7,ALP,1,NA,NA,1,NA,NA,0,0,21,CA,city,0,0,0,0
CA,Seal Beach,2016,NA,83,1,11,10,NA,NA,NA,1,1,5,SSD,1.9355416826189384,1.9355416826189384,NA,2,1,NA,3,1,5,CA,2,1,0,1,0
CA,Seal Beach,2016,NA,83,1,11,10,NA,NA,NA,1,1,5,SSD,1.9355416826189384,1.9355416826189384,NA,2,1,NA,3,1,5,CA,4,1,1,1,1
CA,Seal Beach,2018,NA,83,1,11,10,NA,NA,NA,1,1,5,SSD,1.8420715351068715,1,NA,1.7999999999999998,1,1,1,1,5,CA,1,1,0,1,0
CA,Seal Beach,2018,NA,83,1,11,10,NA,NA,NA,1,1,5,SSD,1.8420715351068715,1,NA,1.7999999999999998,1,1,1,1,5,CA,3,1,0,1,0
CA,Seal Beach,2018,NA,83,1,11,10,NA,NA,NA,1,1,5,SSD,1.8420715351068715,1,NA,1.7999999999999998,1,1,1,1,5,CA,5,1,1,1,1
CA,Selma,2016,NA,58,2,80,4,NA,NA,NA,3,3,5,ALP,1.937710278874314,NA,1,1.7999999999999998,NA,1.7999999999999998,0,0,15,CA,city,0,0,0,0
CA,Selma,2018,NA,58,2,80,4,NA,NA,NA,2,2,5,ALP,1.4461940702307932,1,1,2,1,2,3,1,10,CA,city,1,1,1,1
CA,South El Monte,2015,NA,64,0.5,86,11,NA,NA,NA,2,2,5,ALP,1,NA,NA,1,NA,NA,0,0,10,CA,city,0,0,0,0
CA,South El Monte,2017,NA,64,0.5,86,11,NA,NA,NA,2,1.8333333333333333,5,SSD,1,NA,NA,1,NA,NA,0,0,10,CA,1,0,0,0,0
CA,South El Monte,2017,NA,64,0.5,86,11,NA,NA,NA,2,1.8333333333333333,5,SSD,1,NA,NA,1,NA,NA,0,0,10,CA,city,0,0,0,0
CA,South El Monte,2017,NA,64,0.5,86,11,NA,NA,NA,2,1.8333333333333333,5,ALP,1,NA,NA,1,NA,NA,0,0,10,CA,1,0,0,0,0
CA,South El Monte,2017,NA,64,0.5,86,11,NA,NA,NA,2,1.8333333333333333,5,ALP,1,NA,NA,1,NA,NA,0,0,10,CA,city,0,0,0,0
CA,South Gate,2017,NA,47,1,95,1,NA,NA,NA,2,2,5,ALP,1,NA,NA,1,NA,NA,0,0,10,CA,city,0,0,0,0
CA,South Pasadena,2015,NA,58,2,21,31,NA,NA,NA,3,3,5,ALP,1,NA,NA,1,NA,NA,0,0,15,CA,city,0,0,0,0
CA,South Pasadena,2018,NA,58,2,21,31,NA,NA,NA,1,1,5,SSD,1,NA,NA,1,NA,NA,0,0,5,CA,4,0,0,0,0
CA,South Pasadena,2018,NA,58,2,21,31,NA,NA,NA,1,1,5,SSD,1,NA,NA,1,NA,NA,0,0,5,CA,5,0,0,0,0
CA,Stanton,2016,NA,44,3,48,22,NA,NA,NA,2,2,5,ALP,1.8466764830527245,1,NA,2,1,NA,1,1,10,CA,city,1,1,1,1
CA,Stanton,2018,NA,44,3,48,22,NA,NA,NA,1,1.2,5,SSD,1.435521599970527,1.435521599970527,1,1,NA,1,2,0,5,CA,3,0,0,0,0
CA,Stanton,2018,NA,44,3,48,22,NA,NA,NA,1,1.2,5,SSD,1.435521599970527,1.435521599970527,1,1,NA,1,2,0,5,CA,city,0,0,0,0
CA,Stanton,2018,NA,44,3,48,22,NA,NA,NA,1,1.2,5,ALP,1.435521599970527,1.435521599970527,1,1,NA,1,2,0,5,CA,3,0,0,0,0
CA,Stanton,2018,NA,44,3,48,22,NA,NA,NA,1,1.2,5,ALP,1.435521599970527,1.435521599970527,1,1,NA,1,2,0,5,CA,city,0,0,0,0
CA,Torrance,2018,NA,51,3,17,35,NA,NA,NA,3,3,5,ALP,1,NA,NA,1,NA,NA,0,0,15,CA,city,0,0,0,0
CA,Tustin ,2016,NA,57,2,38,21,NA,NA,NA,3,3,5,ALP,1.6356654076267003,1,NA,1.7999999999999998,1,1,1,1,15,CA,city,1,1,1,1
CA,Union City,2016,NA,22,6,22,53,NA,NA,NA,2,2,5,ALP,1.987846698117138,NA,1,2,NA,2,0,0,10,CA,city,0,0,0,0
CA,Union City,2018,NA,22,6,22,53,NA,NA,NA,3,3,5,ALP,1.9995033776093971,1,1.9995033776093971,1.7999999999999998,1,1.7999999999999998,3,2,15,CA,city,2,2,2,2
CA,Villa Park,2016,NA,76,0.5,8,15,NA,NA,NA,2,2,5,ALP,1,NA,NA,1,NA,NA,0,0,10,CA,city,0,0,0,0
CA,Villa Park,2018,NA,76,0.5,8,15,NA,NA,NA,3,3,5,ALP,1,1,NA,1,1,NA,2,1,15,CA,city,1,1,1,1
CA,Walnut Creek,2016,NA,81,2,10,12,NA,NA,NA,3,3,5,ALP,1.9991111692632368,1,NA,1.7999999999999998,1,NA,1,1,15,CA,city,1,1,1,1
CA,Walnut Creek,2018,NA,81,2,10,12,NA,NA,NA,2,2,5,ALP,2.801694897386391,1.9364473899838357,NA,2,1,NA,2,1,10,CA,city,1,1,1,1
CA,Walnut,2018,NA,22,3,18,65,NA,NA,NA,2,2,5,ALP,1,NA,NA,1,NA,NA,0,0,10,CA,city,0,0,0,0
CA,West Covina,2015,NA,37,5,54,25,NA,NA,NA,2,2,5,ALP,1,NA,NA,1,NA,NA,0,0,10,CA,city,0,0,0,0
CA,West Covina,2018,NA,37,5,54,25,NA,NA,NA,1,1,5,SSD,1,NA,NA,1,NA,NA,0,0,5,CA,2,0,0,0,0
CA,West Covina,2018,NA,37,5,54,25,NA,NA,NA,1,1,5,SSD,1,NA,NA,1,NA,NA,0,0,5,CA,4,0,0,0,0
CA,West Covina,2018,NA,37,5,54,25,NA,NA,NA,1,1,5,SSD,1,NA,NA,1,NA,NA,0,0,5,CA,5,0,0,0,0
CA,West Hollywood,2017,NA,84,2,13,5,NA,NA,NA,2,2,5,ALP,1,NA,NA,1,NA,NA,0,0,10,CA,city,0,0,0,0
CA,West Lake Village,2018,NA,90,1,8,5,NA,NA,NA,3,3,5,ALP,1,NA,NA,1,NA,NA,0,0,15,CA,city,0,0,0,0
CA,Westminster,2016,NA,40,1,22,47,NA,NA,NA,2,2,5,ALP,2.78331323868087,1.9455035268604697,1.9387289100761795,2,1,2,3,1,10,CA,city,1,1,1,1
CA,Westminster,2018,NA,40,1,22,47,NA,NA,NA,2,2,5,ALP,1.5611100069949322,1.1829629926514278,1,1,NA,1,4,0,10,CA,city,0,0,0,0
CA,Yorba Linda,2016,NA,76,2,15,16,NA,NA,NA,3,3,5,ALP,1.2518639820581832,1,NA,1,1,1,3,2,15,CA,city,2,2,2,2
CA,Yorba Linda,2018,NA,76,2,15,16,NA,NA,NA,2,2,5,ALP,1.570071013525823,1.570071013525823,1,1,1,1,2,1,10,CA,city,1,1,1,1
CT,Norwalk,2017,NA,52,14,22,5,NA,NA,NA,2,1.6666666666666667,15,SSD,2.500766402562482,1.828418809249175,1,1.2195121951219512,1,1,5,3,30,CT,A,3,1,3,1
CT,Norwalk,2017,NA,52,14,22,5,NA,NA,NA,2,1.6666666666666667,15,SSD,2.500766402562482,1.828418809249175,1,1.2195121951219512,1,1,5,3,30,CT,B,3,1,3,1
CT,Norwalk,2017,NA,52,14,22,5,NA,NA,NA,2,1.6666666666666667,15,SSD,2.500766402562482,1.828418809249175,1,1.2195121951219512,1,1,5,3,30,CT,C,3,0,3,0
CT,Norwalk,2017,NA,52,14,22,5,NA,NA,NA,2,1.6666666666666667,15,SSD,2.500766402562482,1.828418809249175,1,1.2195121951219512,1,1,5,3,30,CT,city,3,0,3,0
CT,Norwalk,2017,NA,52,14,22,5,NA,NA,NA,2,1.6666666666666667,15,SSD,2.500766402562482,1.828418809249175,1,1.2195121951219512,1,1,5,3,30,CT,D,3,1,3,1
CT,Norwalk,2017,NA,52,14,22,5,NA,NA,NA,2,1.6666666666666667,15,SSD,2.500766402562482,1.828418809249175,1,1.2195121951219512,1,1,5,3,30,CT,E,3,0,3,0
CT,Norwalk,2017,NA,52,14,22,5,NA,NA,NA,2,1.6666666666666667,15,ALP,2.500766402562482,1.828418809249175,1,1.2195121951219512,1,1,5,3,30,CT,A,3,1,3,1
CT,Norwalk,2017,NA,52,14,22,5,NA,NA,NA,2,1.6666666666666667,15,ALP,2.500766402562482,1.828418809249175,1,1.2195121951219512,1,1,5,3,30,CT,B,3,1,3,1
CT,Norwalk,2017,NA,52,14,22,5,NA,NA,NA,2,1.6666666666666667,15,ALP,2.500766402562482,1.828418809249175,1,1.2195121951219512,1,1,5,3,30,CT,C,3,0,3,0
CT,Norwalk,2017,NA,52,14,22,5,NA,NA,NA,2,1.6666666666666667,15,ALP,2.500766402562482,1.828418809249175,1,1.2195121951219512,1,1,5,3,30,CT,city,3,0,3,0
CT,Norwalk,2017,NA,52,14,22,5,NA,NA,NA,2,1.6666666666666667,15,ALP,2.500766402562482,1.828418809249175,1,1.2195121951219512,1,1,5,3,30,CT,D,3,1,3,1
CT,Norwalk,2017,NA,52,14,22,5,NA,NA,NA,2,1.6666666666666667,15,ALP,2.500766402562482,1.828418809249175,1,1.2195121951219512,1,1,5,3,30,CT,E,3,0,3,0
DC,Washington,2016,NA,37,39,4,3,NA,NA,NA,1.5,1.5,13,SSD,2.181577499401148,1.9999304349917144,1.678771337740416,1.3846153846153844,NA,1,2,0,19.5,DC,2,0,0,0,0
DC,Washington,2016,NA,37,39,4,3,NA,NA,NA,1.5,1.5,13,SSD,2.181577499401148,1.9999304349917144,1.678771337740416,1.3846153846153844,NA,1,2,0,19.5,DC,4,0,0,0,0
DC,Washington,2016,NA,37,39,4,3,NA,NA,NA,1.5,1.5,13,SSD,2.181577499401148,1.9999304349917144,1.678771337740416,1.3846153846153844,NA,1,2,0,19.5,DC,7,0,0,0,0
DC,Washington,2016,NA,37,39,4,3,NA,NA,NA,1.5,1.5,13,SSD,2.181577499401148,1.9999304349917144,1.678771337740416,1.3846153846153844,NA,1,2,0,19.5,DC,8,0,0,0,0
DC,Washington,2016,NA,37,39,4,3,NA,NA,NA,1.5,1.5,13,SSD,2.181577499401148,1.9999304349917144,1.678771337740416,1.3846153846153844,NA,1,2,0,19.5,DC,city,0,0,0,0
DC,Washington,2016,NA,37,39,4,3,NA,NA,NA,1.5,1.5,13,ALP,2.181577499401148,1.9999304349917144,1.678771337740416,1.3846153846153844,NA,1,2,0,19.5,DC,2,0,0,0,0
DC,Washington,2016,NA,37,39,4,3,NA,NA,NA,1.5,1.5,13,ALP,2.181577499401148,1.9999304349917144,1.678771337740416,1.3846153846153844,NA,1,2,0,19.5,DC,4,0,0,0,0
DC,Washington,2016,NA,37,39,4,3,NA,NA,NA,1.5,1.5,13,ALP,2.181577499401148,1.9999304349917144,1.678771337740416,1.3846153846153844,NA,1,2,0,19.5,DC,7,0,0,0,0
DC,Washington,2016,NA,37,39,4,3,NA,NA,NA,1.5,1.5,13,ALP,2.181577499401148,1.9999304349917144,1.678771337740416,1.3846153846153844,NA,1,2,0,19.5,DC,8,0,0,0,0
DC,Washington,2016,NA,37,39,4,3,NA,NA,NA,1.5,1.5,13,ALP,2.181577499401148,1.9999304349917144,1.678771337740416,1.3846153846153844,NA,1,2,0,19.5,DC,city,0,0,0,0
DC,Washington,2018,NA,37,39,4,3,NA,NA,NA,1,1.375,13,SSD,2.30884105239538,2.1518796641187943,1.9089589420566,1.3846153846153844,1.3846153846153844,1,7,4,13,DC,1,4,1,4,1
DC,Washington,2018,NA,37,39,4,3,NA,NA,NA,1,1.375,13,SSD,2.30884105239538,2.1518796641187943,1.9089589420566,1.3846153846153844,1.3846153846153844,1,7,4,13,DC,3,4,1,4,1
DC,Washington,2018,NA,37,39,4,3,NA,NA,NA,1,1.375,13,SSD,2.30884105239538,2.1518796641187943,1.9089589420566,1.3846153846153844,1.3846153846153844,1,7,4,13,DC,5,4,0,4,0
DC,Washington,2018,NA,37,39,4,3,NA,NA,NA,1,1.375,13,SSD,2.30884105239538,2.1518796641187943,1.9089589420566,1.3846153846153844,1.3846153846153844,1,7,4,13,DC,6,4,0,4,0
DC,Washington,2018,NA,37,39,4,3,NA,NA,NA,1,1.375,13,SSD,2.30884105239538,2.1518796641187943,1.9089589420566,1.3846153846153844,1.3846153846153844,1,7,4,13,DC,city,4,2,4,2
DC,Washington,2018,NA,37,39,4,3,NA,NA,NA,1,1.375,13,ALP,2.30884105239538,2.1518796641187943,1.9089589420566,1.3846153846153844,1.3846153846153844,1,7,4,13,DC,1,4,1,4,1
DC,Washington,2018,NA,37,39,4,3,NA,NA,NA,1,1.375,13,ALP,2.30884105239538,2.1518796641187943,1.9089589420566,1.3846153846153844,1.3846153846153844,1,7,4,13,DC,3,4,1,4,1
DC,Washington,2018,NA,37,39,4,3,NA,NA,NA,1,1.375,13,ALP,2.30884105239538,2.1518796641187943,1.9089589420566,1.3846153846153844,1.3846153846153844,1,7,4,13,DC,5,4,0,4,0
DC,Washington,2018,NA,37,39,4,3,NA,NA,NA,1,1.375,13,ALP,2.30884105239538,2.1518796641187943,1.9089589420566,1.3846153846153844,1.3846153846153844,1,7,4,13,DC,6,4,0,4,0
DC,Washington,2018,NA,37,39,4,3,NA,NA,NA,1,1.375,13,ALP,2.30884105239538,2.1518796641187943,1.9089589420566,1.3846153846153844,1.3846153846153844,1,7,4,13,DC,city,4,2,4,2
GA,Roswell,2015,NA,75,14,16,4,NA,NA,NA,1,1,6,SSD,2.728108216029874,1.9838307210253865,NA,1.7999999999999998,NA,1,2,0,6,GA,1,0,0,0,0
GA,Roswell,2015,NA,75,14,16,4,NA,NA,NA,1,1,6,SSD,2.728108216029874,1.9838307210253865,NA,1.7999999999999998,NA,1,2,0,6,GA,2,0,0,0,0
GA,Roswell,2015,NA,75,14,16,4,NA,NA,NA,1,1,6,SSD,2.728108216029874,1.9838307210253865,NA,1.7999999999999998,NA,1,2,0,6,GA,3,0,0,0,0
GA,Roswell,2017,NA,75,14,16,4,NA,NA,NA,1,1,6,SSD,1.2479139758643012,1,NA,1,1,NA,2,1,6,GA,4,1,1,1,1
IL,Waukegan,2019,NA,46,20,53,5,NA,NA,NA,1,1,10,SSD,2.268851119214423,2.268851119214423,1.9599695893015423,1.975609756097561,1.975609756097561,1.975609756097561,8,4,10,IL,1,4,1,4,1
IL,Waukegan,2019,NA,46,20,53,5,NA,NA,NA,1,1,10,SSD,2.268851119214423,2.268851119214423,1.9599695893015423,1.975609756097561,1.975609756097561,1.975609756097561,8,4,10,IL,2,4,0,4,0
IL,Waukegan,2019,NA,46,20,53,5,NA,NA,NA,1,1,10,SSD,2.268851119214423,2.268851119214423,1.9599695893015423,1.975609756097561,1.975609756097561,1.975609756097561,8,4,10,IL,3,4,0,4,0
IL,Waukegan,2019,NA,46,20,53,5,NA,NA,NA,1,1,10,SSD,2.268851119214423,2.268851119214423,1.9599695893015423,1.975609756097561,1.975609756097561,1.975609756097561,8,4,10,IL,4,4,0,4,0
IL,Waukegan,2019,NA,46,20,53,5,NA,NA,NA,1,1,10,SSD,2.268851119214423,2.268851119214423,1.9599695893015423,1.975609756097561,1.975609756097561,1.975609756097561,8,4,10,IL,5,4,1,4,1
IL,Waukegan,2019,NA,46,20,53,5,NA,NA,NA,1,1,10,SSD,2.268851119214423,2.268851119214423,1.9599695893015423,1.975609756097561,1.975609756097561,1.975609756097561,8,4,10,IL,6,4,0,4,0
IL,Waukegan,2019,NA,46,20,53,5,NA,NA,NA,1,1,10,SSD,2.268851119214423,2.268851119214423,1.9599695893015423,1.975609756097561,1.975609756097561,1.975609756097561,8,4,10,IL,7,4,0,4,0
IL,Waukegan,2019,NA,46,20,53,5,NA,NA,NA,1,1,10,SSD,2.268851119214423,2.268851119214423,1.9599695893015423,1.975609756097561,1.975609756097561,1.975609756097561,8,4,10,IL,8,4,1,4,1
IL,Waukegan,2019,NA,46,20,53,5,NA,NA,NA,1,1,10,SSD,2.268851119214423,2.268851119214423,1.9599695893015423,1.975609756097561,1.975609756097561,1.975609756097561,8,4,10,IL,9,4,1,4,1
IRE,Dublin,2019,NA,85,2,0,3,NA,NA,NA,6,5.84,63,STV,7.730060847067145,7.730060847067145,1,7.282568807339451,7.066176470588235,1,59,25,378,IRE,ARTAN E-WHITEHALL LEA,25,3,25,3
IRE,Dublin,2019,NA,85,2,0,3,NA,NA,NA,6,5.84,63,STV,7.730060847067145,7.730060847067145,1,7.282568807339451,7.066176470588235,1,59,25,378,IRE,BALLYFERMOT-DRIMNAGH,25,2,25,2
IRE,Dublin,2019,NA,85,2,0,3,NA,NA,NA,6,5.84,63,STV,7.730060847067145,7.730060847067145,1,7.282568807339451,7.066176470588235,1,59,25,378,IRE,BALLYMUN-FINGLAS,25,3,25,3
IRE,Dublin,2019,NA,85,2,0,3,NA,NA,NA,6,5.84,63,STV,7.730060847067145,7.730060847067145,1,7.282568807339451,7.066176470588235,1,59,25,378,IRE,CABRA-GLASNEVIN,25,3,25,3
IRE,Dublin,2019,NA,85,2,0,3,NA,NA,NA,6,5.84,63,STV,7.730060847067145,7.730060847067145,1,7.282568807339451,7.066176470588235,1,59,25,378,IRE,CLONTARF,25,4,25,4
IRE,Dublin,2019,NA,85,2,0,3,NA,NA,NA,6,5.84,63,STV,7.730060847067145,7.730060847067145,1,7.282568807339451,7.066176470588235,1,59,25,378,IRE,DONAGHMEDE,25,0,25,0
IRE,Dublin,2019,NA,85,2,0,3,NA,NA,NA,6,5.84,63,STV,7.730060847067145,7.730060847067145,1,7.282568807339451,7.066176470588235,1,59,25,378,IRE,KIMMAGE-RATHMINES,25,4,25,4
IRE,Dublin,2019,NA,85,2,0,3,NA,NA,NA,6,5.84,63,STV,7.730060847067145,7.730060847067145,1,7.282568807339451,7.066176470588235,1,59,25,378,IRE,NORTH INNER CITY,25,1,25,1
IRE,Dublin,2019,NA,85,2,0,3,NA,NA,NA,6,5.84,63,STV,7.730060847067145,7.730060847067145,1,7.282568807339451,7.066176470588235,1,59,25,378,IRE,PEMBROKE,25,2,25,2
IRE,Dublin,2019,NA,85,2,0,3,NA,NA,NA,6,5.84,63,STV,7.730060847067145,7.730060847067145,1,7.282568807339451,7.066176470588235,1,59,25,378,IRE,SOUTH EAST INNER CITY,25,1,25,1
IRE,Dublin,2019,NA,85,2,0,3,NA,NA,NA,6,5.84,63,STV,7.730060847067145,7.730060847067145,1,7.282568807339451,7.066176470588235,1,59,25,378,IRE,SOUTH WEST INNER CITY,25,2,25,2
MA,Lynn,2017,NA,37,11,42,7,NA,NA,NA,1,2.263157894736842,11,SSD,1.6412927373283173,1,1,2.3725490196078436,1,1,3,3,11,MA,1,3,0,3,0
MA,Lynn,2017,NA,37,11,42,7,NA,NA,NA,1,2.263157894736842,11,SSD,1.6412927373283173,1,1,2.3725490196078436,1,1,3,3,11,MA,2,3,0,3,0
MA,Lynn,2017,NA,37,11,42,7,NA,NA,NA,1,2.263157894736842,11,SSD,1.6412927373283173,1,1,2.3725490196078436,1,1,3,3,11,MA,3,3,1,3,1
MA,Lynn,2017,NA,37,11,42,7,NA,NA,NA,1,2.263157894736842,11,SSD,1.6412927373283173,1,1,2.3725490196078436,1,1,3,3,11,MA,4,3,0,3,0
MA,Lynn,2017,NA,37,11,42,7,NA,NA,NA,1,2.263157894736842,11,SSD,1.6412927373283173,1,1,2.3725490196078436,1,1,3,3,11,MA,5,3,1,3,1
MA,Lynn,2017,NA,37,11,42,7,NA,NA,NA,1,2.263157894736842,11,SSD,1.6412927373283173,1,1,2.3725490196078436,1,1,3,3,11,MA,6,3,0,3,0
MA,Lynn,2017,NA,37,11,42,7,NA,NA,NA,1,2.263157894736842,11,SSD,1.6412927373283173,1,1,2.3725490196078436,1,1,3,3,11,MA,7,3,1,3,1
MA,Lynn,2017,NA,37,11,42,7,NA,NA,NA,1,2.263157894736842,11,SSD,1.6412927373283173,1,1,2.3725490196078436,1,1,3,3,11,MA,city,3,0,3,0
MA,Lynn,2017,NA,37,11,42,7,NA,NA,NA,1,2.263157894736842,11,ALP,1.6412927373283173,1,1,2.3725490196078436,1,1,3,3,11,MA,1,3,0,3,0
MA,Lynn,2017,NA,37,11,42,7,NA,NA,NA,1,2.263157894736842,11,ALP,1.6412927373283173,1,1,2.3725490196078436,1,1,3,3,11,MA,2,3,0,3,0
MA,Lynn,2017,NA,37,11,42,7,NA,NA,NA,1,2.263157894736842,11,ALP,1.6412927373283173,1,1,2.3725490196078436,1,1,3,3,11,MA,3,3,1,3,1
MA,Lynn,2017,NA,37,11,42,7,NA,NA,NA,1,2.263157894736842,11,ALP,1.6412927373283173,1,1,2.3725490196078436,1,1,3,3,11,MA,4,3,0,3,0
MA,Lynn,2017,NA,37,11,42,7,NA,NA,NA,1,2.263157894736842,11,ALP,1.6412927373283173,1,1,2.3725490196078436,1,1,3,3,11,MA,5,3,1,3,1
MA,Lynn,2017,NA,37,11,42,7,NA,NA,NA,1,2.263157894736842,11,ALP,1.6412927373283173,1,1,2.3725490196078436,1,1,3,3,11,MA,6,3,0,3,0
MA,Lynn,2017,NA,37,11,42,7,NA,NA,NA,1,2.263157894736842,11,ALP,1.6412927373283173,1,1,2.3725490196078436,1,1,3,3,11,MA,7,3,1,3,1
MA,Lynn,2017,NA,37,11,42,7,NA,NA,NA,1,2.263157894736842,11,ALP,1.6412927373283173,1,1,2.3725490196078436,1,1,3,3,11,MA,city,3,0,3,0
MD,Rockville,2015,NA,47,11,15,20,NA,NA,NA,4,4,6,ALP,1.9263853400692637,1.9263853400692637,NA,1.6,1.6,1,4,3,24,MD,city,3,3,3,3
MD,Rockville,2017,NA,47,11,15,20,NA,NA,NA,1,1,6,SSD,1.699618842952093,1,NA,1,NA,NA,1,0,6,MD,5,0,0,0,0
MD,Rockville,2017,NA,47,11,15,20,NA,NA,NA,1,1,6,SSD,1.699618842952093,1,NA,1,NA,NA,1,0,6,MD,6,0,0,0,0
MN,Minneapolis,2013,NA,59,19,8,6,NA,NA,NA,1,1,13,RCV,1,1,1,1,1,1,12,6,13,MN,1,6,0,6,0
MN,Minneapolis,2013,NA,59,19,8,6,NA,NA,NA,1,1,13,RCV,1,1,1,1,1,1,12,6,13,MN,10,6,1,6,1
MN,Minneapolis,2013,NA,59,19,8,6,NA,NA,NA,1,1,13,RCV,1,1,1,1,1,1,12,6,13,MN,11,6,0,6,0
MN,Minneapolis,2013,NA,59,19,8,6,NA,NA,NA,1,1,13,RCV,1,1,1,1,1,1,12,6,13,MN,12,6,0,6,0
MN,Minneapolis,2013,NA,59,19,8,6,NA,NA,NA,1,1,13,RCV,1,1,1,1,1,1,12,6,13,MN,13,6,1,6,1
MN,Minneapolis,2013,NA,59,19,8,6,NA,NA,NA,1,1,13,RCV,1,1,1,1,1,1,12,6,13,MN,2,6,0,6,0
MN,Minneapolis,2013,NA,59,19,8,6,NA,NA,NA,1,1,13,RCV,1,1,1,1,1,1,12,6,13,MN,3,6,0,6,0
MN,Minneapolis,2013,NA,59,19,8,6,NA,NA,NA,1,1,13,RCV,1,1,1,1,1,1,12,6,13,MN,4,6,1,6,1
MN,Minneapolis,2013,NA,59,19,8,6,NA,NA,NA,1,1,13,RCV,1,1,1,1,1,1,12,6,13,MN,5,6,0,6,0
MN,Minneapolis,2013,NA,59,19,8,6,NA,NA,NA,1,1,13,RCV,1,1,1,1,1,1,12,6,13,MN,6,6,0,6,0
MN,Minneapolis,2013,NA,59,19,8,6,NA,NA,NA,1,1,13,RCV,1,1,1,1,1,1,12,6,13,MN,7,6,1,6,1
MN,Minneapolis,2013,NA,59,19,8,6,NA,NA,NA,1,1,13,RCV,1,1,1,1,1,1,12,6,13,MN,8,6,1,6,1
MN,Minneapolis,2013,NA,59,19,8,6,NA,NA,NA,1,1,13,RCV,1,1,1,1,1,1,12,6,13,MN,9,6,1,6,1
MN,Minneapolis,2017,NA,59,19,8,6,NA,NA,NA,1,1,13,RCV,1,1,1,1,1,1,19,7,13,MN,1,7,0,7,0
MN,Minneapolis,2017,NA,59,19,8,6,NA,NA,NA,1,1,13,RCV,1,1,1,1,1,1,19,7,13,MN,10,7,1,7,1
MN,Minneapolis,2017,NA,59,19,8,6,NA,NA,NA,1,1,13,RCV,1,1,1,1,1,1,19,7,13,MN,11,7,0,7,0
MN,Minneapolis,2017,NA,59,19,8,6,NA,NA,NA,1,1,13,RCV,1,1,1,1,1,1,19,7,13,MN,12,7,0,7,0
MN,Minneapolis,2017,NA,59,19,8,6,NA,NA,NA,1,1,13,RCV,1,1,1,1,1,1,19,7,13,MN,13,7,1,7,1
MN,Minneapolis,2017,NA,59,19,8,6,NA,NA,NA,1,1,13,RCV,1,1,1,1,1,1,19,7,13,MN,2,7,0,7,0
MN,Minneapolis,2017,NA,59,19,8,6,NA,NA,NA,1,1,13,RCV,1,1,1,1,1,1,19,7,13,MN,3,7,1,7,1
MN,Minneapolis,2017,NA,59,19,8,6,NA,NA,NA,1,1,13,RCV,1,1,1,1,1,1,19,7,13,MN,4,7,1,7,1
MN,Minneapolis,2017,NA,59,19,8,6,NA,NA,NA,1,1,13,RCV,1,1,1,1,1,1,19,7,13,MN,5,7,0,7,0
MN,Minneapolis,2017,NA,59,19,8,6,NA,NA,NA,1,1,13,RCV,1,1,1,1,1,1,19,7,13,MN,6,7,0,7,0
MN,Minneapolis,2017,NA,59,19,8,6,NA,NA,NA,1,1,13,RCV,1,1,1,1,1,1,19,7,13,MN,7,7,1,7,1
MN,Minneapolis,2017,NA,59,19,8,6,NA,NA,NA,1,1,13,RCV,1,1,1,1,1,1,19,7,13,MN,8,7,1,7,1
MN,Minneapolis,2017,NA,59,19,8,6,NA,NA,NA,1,1,13,RCV,1,1,1,1,1,1,19,7,13,MN,9,7,1,7,1
MN,St. Paul,2015,NA,57,16,9,19,NA,NA,NA,1,1,7,RCV,1.196670589276264,1.0078321183910055,NA,1,1,1,4,3,7,MN,1,3,0,3,0
MN,St. Paul,2015,NA,57,16,9,19,NA,NA,NA,1,1,7,RCV,1.196670589276264,1.0078321183910055,NA,1,1,1,4,3,7,MN,2,3,1,3,1
MN,St. Paul,2015,NA,57,16,9,19,NA,NA,NA,1,1,7,RCV,1.196670589276264,1.0078321183910055,NA,1,1,1,4,3,7,MN,3,3,0,3,0
MN,St. Paul,2015,NA,57,16,9,19,NA,NA,NA,1,1,7,RCV,1.196670589276264,1.0078321183910055,NA,1,1,1,4,3,7,MN,4,3,0,3,0
MN,St. Paul,2015,NA,57,16,9,19,NA,NA,NA,1,1,7,RCV,1.196670589276264,1.0078321183910055,NA,1,1,1,4,3,7,MN,5,3,1,3,1
MN,St. Paul,2015,NA,57,16,9,19,NA,NA,NA,1,1,7,RCV,1.196670589276264,1.0078321183910055,NA,1,1,1,4,3,7,MN,6,3,0,3,0
MN,St. Paul,2015,NA,57,16,9,19,NA,NA,NA,1,1,7,RCV,1.196670589276264,1.0078321183910055,NA,1,1,1,4,3,7,MN,7,3,1,3,1
MN,St. Paul,2018,NA,57,16,9,19,NA,NA,NA,1,1,7,RCV,1,1,1,1,1,1,2,1,7,MN,4,1,1,1,1
NED,Amsterdam,2018,NA,71,9,1,1,15,3,0,45,45,45,FLPR,8.809981133896061,8.770498124507899,6.401079587765781,7.5625,5.212765957446809,3.5578947368421048,231,22,2025,NED,city,22,22,22,22
NED,Rotterdam,2018,NA,76,4,0,2,15,1,NA,45,45,45,FLPR,9.95896583880068,8.893611686708923,4.884795398782882,8.003952569169961,4.68780487804878,3.3882352941176475,151,12,2025,NED,city,12,12,12,12
NED,Utrecht,2018,NA,71,3,0,2,12,0,NA,45,45,45,FLPR,7.580170117123241,6.486077269974924,3.0362511086471446,6.822878228782288,3.857142857142857,2.934272300469483,100,15,2025,NED,city,15,15,15,15
NJ,Newark,2018,NA,26,51,34,2,NA,NA,NA,1,1.434782608695652,9,SSD,1.396237604866832,1.3376779595596864,1.359651468398346,1,1,1,8,2,9,NJ,Central,2,1,2,1
NJ,Newark,2018,NA,26,51,34,2,NA,NA,NA,1,1.434782608695652,9,SSD,1.396237604866832,1.3376779595596864,1.359651468398346,1,1,1,8,2,9,NJ,city,2,1,2,1
NJ,Newark,2018,NA,26,51,34,2,NA,NA,NA,1,1.434782608695652,9,SSD,1.396237604866832,1.3376779595596864,1.359651468398346,1,1,1,8,2,9,NJ,East,2,0,2,0
NJ,Newark,2018,NA,26,51,34,2,NA,NA,NA,1,1.434782608695652,9,SSD,1.396237604866832,1.3376779595596864,1.359651468398346,1,1,1,8,2,9,NJ,North,2,0,2,0
NJ,Newark,2018,NA,26,51,34,2,NA,NA,NA,1,1.434782608695652,9,SSD,1.396237604866832,1.3376779595596864,1.359651468398346,1,1,1,8,2,9,NJ,South,2,0,2,0
NJ,Newark,2018,NA,26,51,34,2,NA,NA,NA,1,1.434782608695652,9,SSD,1.396237604866832,1.3376779595596864,1.359651468398346,1,1,1,8,2,9,NJ,West,2,0,2,0
NJ,Newark,2018,NA,26,51,34,2,NA,NA,NA,1,1.434782608695652,9,ALP,1.396237604866832,1.3376779595596864,1.359651468398346,1,1,1,8,2,9,NJ,Central,2,1,2,1
NJ,Newark,2018,NA,26,51,34,2,NA,NA,NA,1,1.434782608695652,9,ALP,1.396237604866832,1.3376779595596864,1.359651468398346,1,1,1,8,2,9,NJ,city,2,1,2,1
NJ,Newark,2018,NA,26,51,34,2,NA,NA,NA,1,1.434782608695652,9,ALP,1.396237604866832,1.3376779595596864,1.359651468398346,1,1,1,8,2,9,NJ,East,2,0,2,0
NJ,Newark,2018,NA,26,51,34,2,NA,NA,NA,1,1.434782608695652,9,ALP,1.396237604866832,1.3376779595596864,1.359651468398346,1,1,1,8,2,9,NJ,North,2,0,2,0
NJ,Newark,2018,NA,26,51,34,2,NA,NA,NA,1,1.434782608695652,9,ALP,1.396237604866832,1.3376779595596864,1.359651468398346,1,1,1,8,2,9,NJ,South,2,0,2,0
NJ,Newark,2018,NA,26,51,34,2,NA,NA,NA,1,1.434782608695652,9,ALP,1.396237604866832,1.3376779595596864,1.359651468398346,1,1,1,8,2,9,NJ,West,2,0,2,0
NM,Las Cruces,2019,NA,35,3,59,2,NA,NA,NA,1,1,6,RCV,1,1,1,1,1,1,5,3,6,NM,1,3,1,3,1
NM,Las Cruces,2019,NA,35,3,59,2,NA,NA,NA,1,1,6,RCV,1,1,1,1,1,1,5,3,6,NM,2,3,1,3,1
NM,Las Cruces,2019,NA,35,3,59,2,NA,NA,NA,1,1,6,RCV,1,1,1,1,1,1,5,3,6,NM,4,3,1,3,1
NM,Santa Fe,2018,NA,88,1,55,1,NA,NA,NA,1,1,8,RCV,1,1,1,1,1,NA,4,3,8,NM,1,3,1,3,1
NM,Santa Fe,2018,NA,88,1,55,1,NA,NA,NA,1,1,8,RCV,1,1,1,1,1,NA,4,3,8,NM,2,3,1,3,1
NM,Santa Fe,2018,NA,88,1,55,1,NA,NA,NA,1,1,8,RCV,1,1,1,1,1,NA,4,3,8,NM,4,3,1,3,1
NM,Santa Fe,2019,NA,88,1,55,1,NA,NA,NA,1,1,8,RCV,1,1,1,1,1,1,1,1,8,NM,1,1,1,1,1
NM,Santa Fe,2019,NA,88,1,55,1,NA,NA,NA,1,1,8,RCV,1,1,1,1,1,1,1,1,8,NM,2,1,0,1,0
NM,Santa Fe,2019,NA,88,1,55,1,NA,NA,NA,1,1,8,RCV,1,1,1,1,1,1,1,1,8,NM,3,1,0,1,0
NY,New Rochelle,2015,NA,44,19,25,5,NA,NA,NA,1,1,6,SSD,1.8431035017888568,1,1,1.7999999999999998,NA,1,2,1,6,NY,1,1,0,1,0
NY,New Rochelle,2015,NA,44,19,25,5,NA,NA,NA,1,1,6,SSD,1.8431035017888568,1,1,1.7999999999999998,NA,1,2,1,6,NY,2,1,0,1,0
NY,New Rochelle,2015,NA,44,19,25,5,NA,NA,NA,1,1,6,SSD,1.8431035017888568,1,1,1.7999999999999998,NA,1,2,1,6,NY,3,1,0,1,0
NY,New Rochelle,2015,NA,44,19,25,5,NA,NA,NA,1,1,6,SSD,1.8431035017888568,1,1,1.7999999999999998,NA,1,2,1,6,NY,4,1,0,1,0
NY,New Rochelle,2015,NA,44,19,25,5,NA,NA,NA,1,1,6,SSD,1.8431035017888568,1,1,1.7999999999999998,NA,1,2,1,6,NY,5,1,0,1,0
NY,New Rochelle,2015,NA,44,19,25,5,NA,NA,NA,1,1,6,SSD,1.8431035017888568,1,1,1.7999999999999998,NA,1,2,1,6,NY,6,1,1,1,1
NY,Yonkers,2015,NA,39,15,31,7,NA,NA,NA,1,1,6,SSD,1.6503118503118503,1,1,1,NA,NA,2,0,6,NY,1,0,0,0,0
NY,Yonkers,2015,NA,39,15,31,7,NA,NA,NA,1,1,6,SSD,1.6503118503118503,1,1,1,NA,NA,2,0,6,NY,3,0,0,0,0
NY,Yonkers,2017,NA,39,15,31,7,NA,NA,NA,1,1,6,SSD,1.9879033473619616,1,1,1.923076923076923,1,1,4,2,6,NY,1,2,0,2,0
NY,Yonkers,2017,NA,39,15,31,7,NA,NA,NA,1,1,6,SSD,1.9879033473619616,1,1,1.923076923076923,1,1,4,2,6,NY,2,2,1,2,1
NY,Yonkers,2017,NA,39,15,31,7,NA,NA,NA,1,1,6,SSD,1.9879033473619616,1,1,1.923076923076923,1,1,4,2,6,NY,3,2,1,2,1
NY,Yonkers,2017,NA,39,15,31,7,NA,NA,NA,1,1,6,SSD,1.9879033473619616,1,1,1.923076923076923,1,1,4,2,6,NY,4,2,0,2,0
NY,Yonkers,2017,NA,39,15,31,7,NA,NA,NA,1,1,6,SSD,1.9879033473619616,1,1,1.923076923076923,1,1,4,2,6,NY,6,2,0,2,0
NY,Yonkers,2019,NA,39,15,31,7,NA,NA,NA,1,1,6,SSD,1,1,1,1,1,1,1,1,6,NY,1,1,1,1,1
OK,Oklahoma City,2017,NA,67,14,20,5,NA,NA,NA,1,1,8,SSD,2.499296502106949,1.1149669820733308,1,1.6,NA,1,2,0,8,OK,1,0,0,0,0
OK,Oklahoma City,2017,NA,67,14,20,5,NA,NA,NA,1,1,8,SSD,2.499296502106949,1.1149669820733308,1,1.6,NA,1,2,0,8,OK,3,0,0,0,0
OK,Oklahoma City,2017,NA,67,14,20,5,NA,NA,NA,1,1,8,SSD,2.499296502106949,1.1149669820733308,1,1.6,NA,1,2,0,8,OK,4,0,0,0,0
OK,Oklahoma City,2017,NA,67,14,20,5,NA,NA,NA,1,1,8,SSD,2.499296502106949,1.1149669820733308,1,1.6,NA,1,2,0,8,OK,7,0,0,0,0
OK,Oklahoma City,2019,NA,67,14,20,5,NA,NA,NA,1,1,8,SSD,1.3212070663046136,1.3212070663046136,NA,1,NA,1,3,0,8,OK,2,0,0,0,0
WA,Renton,2015,NA,50,9,15,24,NA,NA,NA,1,1,7,SSD,1.4238288329776168,1,1,1.4705882352941173,1,1,3,1,7,WA,3,1,0,1,0
WA,Renton,2015,NA,50,9,15,24,NA,NA,NA,1,1,7,SSD,1.4238288329776168,1,1,1.4705882352941173,1,1,3,1,7,WA,4,1,0,1,0
WA,Renton,2015,NA,50,9,15,24,NA,NA,NA,1,1,7,SSD,1.4238288329776168,1,1,1.4705882352941173,1,1,3,1,7,WA,5,1,0,1,0
WA,Renton,2015,NA,50,9,15,24,NA,NA,NA,1,1,7,SSD,1.4238288329776168,1,1,1.4705882352941173,1,1,3,1,7,WA,6,1,1,1,1
WA,Renton,2015,NA,50,9,15,24,NA,NA,NA,1,1,7,SSD,1.4238288329776168,1,1,1.4705882352941173,1,1,3,1,7,WA,7,1,0,1,0
WA,Renton,2017,NA,50,9,15,24,NA,NA,NA,1,1,7,SSD,1,1,1,1,1,1,3,1,7,WA,1,1,0,1,0
WA,Renton,2017,NA,50,9,15,24,NA,NA,NA,1,1,7,SSD,1,1,1,1,1,1,3,1,7,WA,2,1,0,1,0
WA,Renton,2017,NA,50,9,15,24,NA,NA,NA,1,1,7,SSD,1,1,1,1,1,1,3,1,7,WA,6,1,1,1,1
